Workbook

Sheet Summary
A1: PROJECT DARWIN — Datacube Summary
A2: Currency: £ GBP — Source: GMSL_Revenue_Lines_Clip.xlsx (5 Apr 2026) — All FY actuals
A4: Key metric | B4: FY2014A | C4: FY2015A | D4: FY2016A | E4: FY2017A | F4: FY2018A | G4: FY2019A | H4: FY2020A | I4: FY2021A | J4: FY2022A | K4: FY2023A | L4: FY2024A | M4: FY2025A | N4: FY2026A
A5: Total revenue (£) | B5: ='Revenue Overview'!B4 | C5: ='Revenue Overview'!C4 | D5: ='Revenue Overview'!D4 | E5: ='Revenue Overview'!E4 | F5: ='Revenue Overview'!F4 | G5: ='Revenue Overview'!G4 | H5: ='Revenue Overview'!H4 | I5: ='Revenue Overview'!I4 | ... N5: ='Revenue Overview'!N4
A6: YoY growth | B6: ='Revenue Overview'!B5 | C6: ='Revenue Overview'!C5 | D6: ='Revenue Overview'!D5 | E6: ='Revenue Overview'!E5 | F6: ='Revenue Overview'!F5 | G6: ='Revenue Overview'!G5 | H6: ='Revenue Overview'!H5 | I6: ='Revenue Overview'!I5 | ... N6: ='Revenue Overview'!N5
A7: Indexed (FY14 = 100) | B7: ='Revenue Overview'!B6 | C7: ='Revenue Overview'!C6 | D7: ='Revenue Overview'!D6 | E7: ='Revenue Overview'!E6 | F7: ='Revenue Overview'!F6 | G7: ='Revenue Overview'!G6 | H7: ='Revenue Overview'!H6 | I7: ='Revenue Overview'!I6 | ... N7: ='Revenue Overview'!N6
A9: Software vs Services
A10: Software revenue (£) | B10: ='Software vs Services'!B5 | C10: ='Software vs Services'!C5 | D10: ='Software vs Services'!D5 | E10: ='Software vs Services'!E5 | F10: ='Software vs Services'!F5 | G10: ='Software vs Services'!G5 | H10: ='Software vs Services'!H5 | I10: ='Software vs Services'!I5 | ... N10: ='Software vs Services'!N5
A11: Services revenue (£) | B11: ='Software vs Services'!B6 | C11: ='Software vs Services'!C6 | D11: ='Software vs Services'!D6 | E11: ='Software vs Services'!E6 | F11: ='Software vs Services'!F6 | G11: ='Software vs Services'!G6 | H11: ='Software vs Services'!H6 | I11: ='Software vs Services'!I6 | ... N11: ='Software vs Services'!N6
A12: Software % of total | B12: ='Software vs Services'!B9 | C12: ='Software vs Services'!C9 | D12: ='Software vs Services'!D9 | E12: ='Software vs Services'!E9 | F12: ='Software vs Services'!F9 | G12: ='Software vs Services'!G9 | H12: ='Software vs Services'!H9 | I12: ='Software vs Services'!I9 | ... N12: ='Software vs Services'!N9
A13: Software YoY growth | B13: ='Software vs Services'!B12 | C13: ='Software vs Services'!C12 | D13: ='Software vs Services'!D12 | E13: ='Software vs Services'!E12 | F13: ='Software vs Services'!F12 | G13: ='Software vs Services'!G12 | H13: ='Software vs Services'!H12 | I13: ='Software vs Services'!I12 | ... N13: ='Software vs Services'!N12
A14: Services YoY growth | B14: ='Software vs Services'!B13 | C14: ='Software vs Services'!C13 | D14: ='Software vs Services'!D13 | E14: ='Software vs Services'!E13 | F14: ='Software vs Services'!F13 | G14: ='Software vs Services'!G13 | H14: ='Software vs Services'!H13 | I14: ='Software vs Services'!I13 | ... N14: ='Software vs Services'!N13
A16: Client base
A17: # Active clients | B17: ='Client Dynamics'!B5 | C17: ='Client Dynamics'!C5 | D17: ='Client Dynamics'!D5 | E17: ='Client Dynamics'!E5 | F17: ='Client Dynamics'!F5 | G17: ='Client Dynamics'!G5 | H17: ='Client Dynamics'!H5 | I17: ='Client Dynamics'!I5 | ... N17: ='Client Dynamics'!N5
A18: # New clients | B18: ='Client Dynamics'!B6 | C18: ='Client Dynamics'!C6 | D18: ='Client Dynamics'!D6 | E18: ='Client Dynamics'!E6 | F18: ='Client Dynamics'!F6 | G18: ='Client Dynamics'!G6 | H18: ='Client Dynamics'!H6 | I18: ='Client Dynamics'!I6 | ... N18: ='Client Dynamics'!N6
A19: # Churned clients | B19: ='Client Dynamics'!B7 | C19: ='Client Dynamics'!C7 | D19: ='Client Dynamics'!D7 | E19: ='Client Dynamics'!E7 | F19: ='Client Dynamics'!F7 | G19: ='Client Dynamics'!G7 | H19: ='Client Dynamics'!H7 | I19: ='Client Dynamics'!I7 | ... N19: ='Client Dynamics'!N7
A20: Logo retention % | B20: ='Client Dynamics'!B10 | C20: ='Client Dynamics'!C10 | D20: ='Client Dynamics'!D10 | E20: ='Client Dynamics'!E10 | F20: ='Client Dynamics'!F10 | G20: ='Client Dynamics'!G10 | H20: ='Client Dynamics'!H10 | I20: ='Client Dynamics'!I10 | ... N20: ='Client Dynamics'!N10
A21: GRR — same client base | B21: ='Client Dynamics'!B11 | C21: ='Client Dynamics'!C11 | D21: ='Client Dynamics'!D11 | E21: ='Client Dynamics'!E11 | F21: ='Client Dynamics'!F11 | G21: ='Client Dynamics'!G11 | H21: ='Client Dynamics'!H11 | I21: ='Client Dynamics'!I11 | ... N21: ='Client Dynamics'!N11
A22: NRR — w/ expansion | B22: ='Client Dynamics'!B12 | C22: ='Client Dynamics'!C12 | D22: ='Client Dynamics'!D12 | E22: ='Client Dynamics'!E12 | F22: ='Client Dynamics'!F12 | G22: ='Client Dynamics'!G12 | H22: ='Client Dynamics'!H12 | I22: ='Client Dynamics'!I12 | ... N22: ='Client Dynamics'!N12
A23: ARPC (£) | B23: ='Client Dynamics'!B14 | C23: ='Client Dynamics'!C14 | D23: ='Client Dynamics'!D14 | E23: ='Client Dynamics'!E14 | F23: ='Client Dynamics'!F14 | G23: ='Client Dynamics'!G14 | H23: ='Client Dynamics'!H14 | I23: ='Client Dynamics'!I14 | ... N23: ='Client Dynamics'!N14
A25: Concentration
A26: Top 1 client share | B26: ='Client Concentration'!B5 | C26: ='Client Concentration'!C5 | D26: ='Client Concentration'!D5 | E26: ='Client Concentration'!E5 | F26: ='Client Concentration'!F5 | G26: ='Client Concentration'!G5 | H26: ='Client Concentration'!H5 | I26: ='Client Concentration'!I5 | ... N26: ='Client Concentration'!N5
A27: Top 5 client share | B27: ='Client Concentration'!B6 | C27: ='Client Concentration'!C6 | D27: ='Client Concentration'!D6 | E27: ='Client Concentration'!E6 | F27: ='Client Concentration'!F6 | G27: ='Client Concentration'!G6 | H27: ='Client Concentration'!H6 | I27: ='Client Concentration'!I6 | ... N27: ='Client Concentration'!N6
A28: Top 10 client share | B28: ='Client Concentration'!B7 | C28: ='Client Concentration'!C7 | D28: ='Client Concentration'!D7 | E28: ='Client Concentration'!E7 | F28: ='Client Concentration'!F7 | G28: ='Client Concentration'!G7 | H28: ='Client Concentration'!H7 | I28: ='Client Concentration'!I7 | ... N28: ='Client Concentration'!N7
A29: Top 20 client share | B29: ='Client Concentration'!B8 | C29: ='Client Concentration'!C8 | D29: ='Client Concentration'!D8 | E29: ='Client Concentration'!E8 | F29: ='Client Concentration'!F8 | G29: ='Client Concentration'!G8 | H29: ='Client Concentration'!H8 | I29: ='Client Concentration'!I8 | ... N29: ='Client Concentration'!N8

Sheet Revenue Overview
A1: Revenue Overview — Project Darwin (£ GBP)
A3: Metric | B3: FY2014A | C3: FY2015A | D3: FY2016A | E3: FY2017A | F3: FY2018A | G3: FY2019A | H3: FY2020A | I3: FY2021A | J3: FY2022A | K3: FY2023A | L3: FY2024A | M3: FY2025A | N3: FY2026A | O3: CAGR FY14-FY23 | P3: CAGR FY14-FY26
A4: Total revenue (£) | B4: =SUM(Source_Evolution!$E$3:$E$731) | C4: =SUM(Source_Evolution!$F$3:$F$731) | D4: =SUM(Source_Evolution!$G$3:$G$731) | E4: =SUM(Source_Evolution!$H$3:$H$731) | F4: =SUM(Source_Evolution!$I$3:$I$731) | G4: =SUM(Source_Evolution!$J$3:$J$731) | H4: =SUM(Source_Evolution!$K$3:$K$731) | I4: =SUM(Source_Evolution!$L$3:$L$731) | J4: =SUM(Source_Evolution!$M$3:$M$731) | K4: =SUM(Source_Evolution!$N$3:$N$731) | L4: =SUM(Source_Evolution!$O$3:$O$731) | M4: =SUM(Source_Evolution!$P$3:$P$731) | N4: =SUM(Source_Evolution!$Q$3:$Q$731) | O4: =IFERROR((J4/B4)^(1/9)-1,"-") | P4: =IFERROR((N4/B4)^(1/12)-1,"-")
A5: YoY growth % | B5: - | C5: =IFERROR(C4/B4-1,"-") | D5: =IFERROR(D4/C4-1,"-") | E5: =IFERROR(E4/D4-1,"-") | F5: =IFERROR(F4/E4-1,"-") | G5: =IFERROR(G4/F4-1,"-") | H5: =IFERROR(H4/G4-1,"-") | I5: =IFERROR(I4/H4-1,"-") | J5: =IFERROR(J4/I4-1,"-") | ... N5: =IFERROR(N4/M4-1,"-")
A6: Indexed (FY14 = 100) | B6: =IFERROR(B4/$B$4*100,"-") | C6: =IFERROR(C4/$B$4*100,"-") | D6: =IFERROR(D4/$B$4*100,"-") | E6: =IFERROR(E4/$B$4*100,"-") | F6: =IFERROR(F4/$B$4*100,"-") | G6: =IFERROR(G4/$B$4*100,"-") | H6: =IFERROR(H4/$B$4*100,"-") | I6: =IFERROR(I4/$B$4*100,"-") | ... N6: =IFERROR(N4/$B$4*100,"-")
A8: # Active revenue lines | B8: =COUNTIFS(Source_Evolution!$E$3:$E$731,">0") | C8: =COUNTIFS(Source_Evolution!$F$3:$F$731,">0") | D8: =COUNTIFS(Source_Evolution!$G$3:$G$731,">0") | E8: =COUNTIFS(Source_Evolution!$H$3:$H$731,">0") | F8: =COUNTIFS(Source_Evolution!$I$3:$I$731,">0") | G8: =COUNTIFS(Source_Evolution!$J$3:$J$731,">0") | H8: =COUNTIFS(Source_Evolution!$K$3:$K$731,">0") | I8: =COUNTIFS(Source_Evolution!$L$3:$L$731,">0") | J8: =COUNTIFS(Source_Evolution!$M$3:$M$731,">0") | K8: =COUNTIFS(Source_Evolution!$N$3:$N$731,">0") | L8: =COUNTIFS(Source_Evolution!$O$3:$O$731,">0") | M8: =COUNTIFS(Source_Evolution!$P$3:$P$731,">0") | N8: =COUNTIFS(Source_Evolution!$Q$3:$Q$731,">0")

Sheet Software vs Services
A1: Software vs Services — Revenue split (£ GBP)
A2: Software = Dept "Software". Services = Dept "Operations" + "CVA" + "Power".
A4: Metric | B4: FY2014A | C4: FY2015A | D4: FY2016A | E4: FY2017A | F4: FY2018A | G4: FY2019A | H4: FY2020A | I4: FY2021A | J4: FY2022A | K4: FY2023A | L4: FY2024A | M4: FY2025A | N4: FY2026A | O4: CAGR FY14-FY26
A5: Software revenue (£) | B5: =SUMIFS(Source_Evolution!$E$3:$E$731,Source_Evolution!$B$3:$B$731,"Software") | C5: =SUMIFS(Source_Evolution!$F$3:$F$731,Source_Evolution!$B$3:$B$731,"Software") | D5: =SUMIFS(Source_Evolution!$G$3:$G$731,Source_Evolution!$B$3:$B$731,"Software") | E5: =SUMIFS(Source_Evolution!$H$3:$H$731,Source_Evolution!$B$3:$B$731,"Software") | F5: =SUMIFS(Source_Evolution!$I$3:$I$731,Source_Evolution!$B$3:$B$731,"Software") | G5: =SUMIFS(Source_Evolution!$J$3:$J$731,Source_Evolution!$B$3:$B$731,"Software") | H5: =SUMIFS(Source_Evolution!$K$3:$K$731,Source_Evolution!$B$3:$B$731,"Software") | I5: =SUMIFS(Source_Evolution!$L$3:$L$731,Source_Evolution!$B$3:$B$731,"Software") | J5: =SUMIFS(Source_Evolution!$M$3:$M$731,Source_Evolution!$B$3:$B$731,"Software") | K5: =SUMIFS(Source_Evolution!$N$3:$N$731,Source_Evolution!$B$3:$B$731,"Software") | L5: =SUMIFS(Source_Evolution!$O$3:$O$731,Source_Evolution!$B$3:$B$731,"Software") | M5: =SUMIFS(Source_Evolution!$P$3:$P$731,Source_Evolution!$B$3:$B$731,"Software") | N5: =SUMIFS(Source_Evolution!$Q$3:$Q$731,Source_Evolution!$B$3:$B$731,"Software") | O5: =IFERROR((N5/B5)^(1/12)-1,"-")
A6: Services revenue (£) | B6: =SUMIFS(Source_Evolution!$E$3:$E$731,Source_Evolution!$B$3:$B$731,"Operations")+SUMIFS(Source_Evolution!$E$3:$E$731,Source_Evolution!$B$3:$B$731,"CVA")+SUMIFS(Source_Evolution!$E$3:$E$731,Source_Evolution!$B$3:$B$731,"Power") | C6: =SUMIFS(Source_Evolution!$F$3:$F$731,Source_Evolution!$B$3:$B$731,"Operations")+SUMIFS(Source_Evolution!$F$3:$F$731,Source_Evolution!$B$3:$B$731,"CVA")+SUMIFS(Source_Evolution!$F$3:$F$731,Source_Evolution!$B$3:$B$731,"Power") | D6: =SUMIFS(Source_Evolution!$G$3:$G$731,Source_Evolution!$B$3:$B$731,"Operations")+SUMIFS(Source_Evolution!$G$3:$G$731,Source_Evolution!$B$3:$B$731,"CVA")+SUMIFS(Source_Evolution!$G$3:$G$731,Source_Evolution!$B$3:$B$731,"Power") | E6: =SUMIFS(Source_Evolution!$H$3:$H$731,Source_Evolution!$B$3:$B$731,"Operations")+SUMIFS(Source_Evolution!$H$3:$H$731,Source_Evolution!$B$3:$B$731,"CVA")+SUMIFS(Source_Evolution!$H$3:$H$731,Source_Evolution!$B$3:$B$731,"Power") | F6: =SUMIFS(Source_Evolution!$I$3:$I$731,Source_Evolution!$B$3:$B$731,"Operations")+SUMIFS(Source_Evolution!$I$3:$I$731,Source_Evolution!$B$3:$B$731,"CVA")+SUMIFS(Source_Evolution!$I$3:$I$731,Source_Evolution!$B$3:$B$731,"Power") | G6: =SUMIFS(Source_Evolution!$J$3:$J$731,Source_Evolution!$B$3:$B$731,"Operations")+SUMIFS(Source_Evolution!$J$3:$J$731,Source_Evolution!$B$3:$B$731,"CVA")+SUMIFS(Source_Evolution!$J$3:$J$731,Source_Evolution!$B$3:$B$731,"Power") | H6: =SUMIFS(Source_Evolution!$K$3:$K$731,Source_Evolution!$B$3:$B$731,"Operations")+SUMIFS(Source_Evolution!$K$3:$K$731,Source_Evolution!$B$3:$B$731,"CVA")+SUMIFS(Source_Evolution!$K$3:$K$731,Source_Evolution!$B$3:$B$731,"Power") | I6: =SUMIFS(Source_Evolution!$L$3:$L$731,Source_Evolution!$B$3:$B$731,"Operations")+SUMIFS(Source_Evolution!$L$3:$L$731,Source_Evolution!$B$3:$B$731,"CVA")+SUMIFS(Source_Evolution!$L$3:$L$731,Source_Evolution!$B$3:$B$731,"Power") | J6: =SUMIFS(Source_Evolution!$M$3:$M$731,Source_Evolution!$B$3:$B$731,"Operations")+SUMIFS(Source_Evolution!$M$3:$M$731,Source_Evolution!$B$3:$B$731,"CVA")+SUMIFS(Source_Evolution!$M$3:$M$731,Source_Evolution!$B$3:$B$731,"Power") | K6: =SUMIFS(Source_Evolution!$N$3:$N$731,Source_Evolution!$B$3:$B$731,"Operations")+SUMIFS(Source_Evolution!$N$3:$N$731,Source_Evolution!$B$3:$B$731,"CVA")+SUMIFS(Source_Evolution!$N$3:$N$731,Source_Evolution!$B$3:$B$731,"Power") | L6: =SUMIFS(Source_Evolution!$O$3:$O$731,Source_Evolution!$B$3:$B$731,"Operations")+SUMIFS(Source_Evolution!$O$3:$O$731,Source_Evolution!$B$3:$B$731,"CVA")+SUMIFS(Source_Evolution!$O$3:$O$731,Source_Evolution!$B$3:$B$731,"Power") | M6: =SUMIFS(Source_Evolution!$P$3:$P$731,Source_Evolution!$B$3:$B$731,"Operations")+SUMIFS(Source_Evolution!$P$3:$P$731,Source_Evolution!$B$3:$B$731,"CVA")+SUMIFS(Source_Evolution!$P$3:$P$731,Source_Evolution!$B$3:$B$731,"Power") | N6: =SUMIFS(Source_Evolution!$Q$3:$Q$731,Source_Evolution!$B$3:$B$731,"Operations")+SUMIFS(Source_Evolution!$Q$3:$Q$731,Source_Evolution!$B$3:$B$731,"CVA")+SUMIFS(Source_Evolution!$Q$3:$Q$731,Source_Evolution!$B$3:$B$731,"Power") | O6: =IFERROR((N6/B6)^(1/12)-1,"-")
A7: Total revenue (£) | B7: =B5+B6 | C7: =C5+C6 | D7: =D5+D6 | E7: =E5+E6 | F7: =F5+F6 | G7: =G5+G6 | H7: =H5+H6 | I7: =I5+I6 | ... N7: =N5+N6 | O7: =IFERROR((N7/B7)^(1/12)-1,"-")
A9: Software % of total | B9: =IFERROR(B5/B7,"-") | C9: =IFERROR(C5/C7,"-") | D9: =IFERROR(D5/D7,"-") | E9: =IFERROR(E5/E7,"-") | F9: =IFERROR(F5/F7,"-") | G9: =IFERROR(G5/G7,"-") | H9: =IFERROR(H5/H7,"-") | I9: =IFERROR(I5/I7,"-") | ... N9: =IFERROR(N5/N7,"-")
A10: Services % of total | B10: =IFERROR(B6/B7,"-") | C10: =IFERROR(C6/C7,"-") | D10: =IFERROR(D6/D7,"-") | E10: =IFERROR(E6/E7,"-") | F10: =IFERROR(F6/F7,"-") | G10: =IFERROR(G6/G7,"-") | H10: =IFERROR(H6/H7,"-") | I10: =IFERROR(I6/I7,"-") | ... N10: =IFERROR(N6/N7,"-")
A12: Software YoY growth | B12: - | C12: =IFERROR(C5/B5-1,"-") | D12: =IFERROR(D5/C5-1,"-") | E12: =IFERROR(E5/D5-1,"-") | F12: =IFERROR(F5/E5-1,"-") | G12: =IFERROR(G5/F5-1,"-") | H12: =IFERROR(H5/G5-1,"-") | I12: =IFERROR(I5/H5-1,"-") | J12: =IFERROR(J5/I5-1,"-") | ... N12: =IFERROR(N5/M5-1,"-")
A13: Services YoY growth | B13: - | C13: =IFERROR(C6/B6-1,"-") | D13: =IFERROR(D6/C6-1,"-") | E13: =IFERROR(E6/D6-1,"-") | F13: =IFERROR(F6/E6-1,"-") | G13: =IFERROR(G6/F6-1,"-") | H13: =IFERROR(H6/G6-1,"-") | I13: =IFERROR(I6/H6-1,"-") | J13: =IFERROR(J6/I6-1,"-") | ... N13: =IFERROR(N6/M6-1,"-")
A15: # Software revenue lines | B15: =COUNTIFS(Source_Evolution!$B$3:$B$731,"Software",Source_Evolution!$E$3:$E$731,">0") | C15: =COUNTIFS(Source_Evolution!$B$3:$B$731,"Software",Source_Evolution!$F$3:$F$731,">0") | D15: =COUNTIFS(Source_Evolution!$B$3:$B$731,"Software",Source_Evolution!$G$3:$G$731,">0") | E15: =COUNTIFS(Source_Evolution!$B$3:$B$731,"Software",Source_Evolution!$H$3:$H$731,">0") | F15: =COUNTIFS(Source_Evolution!$B$3:$B$731,"Software",Source_Evolution!$I$3:$I$731,">0") | G15: =COUNTIFS(Source_Evolution!$B$3:$B$731,"Software",Source_Evolution!$J$3:$J$731,">0") | H15: =COUNTIFS(Source_Evolution!$B$3:$B$731,"Software",Source_Evolution!$K$3:$K$731,">0") | I15: =COUNTIFS(Source_Evolution!$B$3:$B$731,"Software",Source_Evolution!$L$3:$L$731,">0") | J15: =COUNTIFS(Source_Evolution!$B$3:$B$731,"Software",Source_Evolution!$M$3:$M$731,">0") | K15: =COUNTIFS(Source_Evolution!$B$3:$B$731,"Software",Source_Evolution!$N$3:$N$731,">0") | L15: =COUNTIFS(Source_Evolution!$B$3:$B$731,"Software",Source_Evolution!$O$3:$O$731,">0") | M15: =COUNTIFS(Source_Evolution!$B$3:$B$731,"Software",Source_Evolution!$P$3:$P$731,">0") | N15: =COUNTIFS(Source_Evolution!$B$3:$B$731,"Software",Source_Evolution!$Q$3:$Q$731,">0")
A16: # Services revenue lines | B16: =COUNTIFS(Source_Evolution!$B$3:$B$731,"<>Software",Source_Evolution!$E$3:$E$731,">0") | C16: =COUNTIFS(Source_Evolution!$B$3:$B$731,"<>Software",Source_Evolution!$F$3:$F$731,">0") | D16: =COUNTIFS(Source_Evolution!$B$3:$B$731,"<>Software",Source_Evolution!$G$3:$G$731,">0") | E16: =COUNTIFS(Source_Evolution!$B$3:$B$731,"<>Software",Source_Evolution!$H$3:$H$731,">0") | F16: =COUNTIFS(Source_Evolution!$B$3:$B$731,"<>Software",Source_Evolution!$I$3:$I$731,">0") | G16: =COUNTIFS(Source_Evolution!$B$3:$B$731,"<>Software",Source_Evolution!$J$3:$J$731,">0") | H16: =COUNTIFS(Source_Evolution!$B$3:$B$731,"<>Software",Source_Evolution!$K$3:$K$731,">0") | I16: =COUNTIFS(Source_Evolution!$B$3:$B$731,"<>Software",Source_Evolution!$L$3:$L$731,">0") | J16: =COUNTIFS(Source_Evolution!$B$3:$B$731,"<>Software",Source_Evolution!$M$3:$M$731,">0") | K16: =COUNTIFS(Source_Evolution!$B$3:$B$731,"<>Software",Source_Evolution!$N$3:$N$731,">0") | L16: =COUNTIFS(Source_Evolution!$B$3:$B$731,"<>Software",Source_Evolution!$O$3:$O$731,">0") | M16: =COUNTIFS(Source_Evolution!$B$3:$B$731,"<>Software",Source_Evolution!$P$3:$P$731,">0") | N16: =COUNTIFS(Source_Evolution!$B$3:$B$731,"<>Software",Source_Evolution!$Q$3:$Q$731,">0")

Sheet By Department
A1: Revenue by Department (£ GBP)
A3: Department | B3: FY2014A | C3: FY2015A | D3: FY2016A | E3: FY2017A | F3: FY2018A | G3: FY2019A | H3: FY2020A | I3: FY2021A | J3: FY2022A | K3: FY2023A | L3: FY2024A | M3: FY2025A | N3: FY2026A | O3: CAGR FY14-FY26
A4: Software | B4: =SUMIFS(Source_Evolution!$E$3:$E$731,Source_Evolution!$B$3:$B$731,"Software") | C4: =SUMIFS(Source_Evolution!$F$3:$F$731,Source_Evolution!$B$3:$B$731,"Software") | D4: =SUMIFS(Source_Evolution!$G$3:$G$731,Source_Evolution!$B$3:$B$731,"Software") | E4: =SUMIFS(Source_Evolution!$H$3:$H$731,Source_Evolution!$B$3:$B$731,"Software") | F4: =SUMIFS(Source_Evolution!$I$3:$I$731,Source_Evolution!$B$3:$B$731,"Software") | G4: =SUMIFS(Source_Evolution!$J$3:$J$731,Source_Evolution!$B$3:$B$731,"Software") | H4: =SUMIFS(Source_Evolution!$K$3:$K$731,Source_Evolution!$B$3:$B$731,"Software") | I4: =SUMIFS(Source_Evolution!$L$3:$L$731,Source_Evolution!$B$3:$B$731,"Software") | J4: =SUMIFS(Source_Evolution!$M$3:$M$731,Source_Evolution!$B$3:$B$731,"Software") | K4: =SUMIFS(Source_Evolution!$N$3:$N$731,Source_Evolution!$B$3:$B$731,"Software") | L4: =SUMIFS(Source_Evolution!$O$3:$O$731,Source_Evolution!$B$3:$B$731,"Software") | M4: =SUMIFS(Source_Evolution!$P$3:$P$731,Source_Evolution!$B$3:$B$731,"Software") | N4: =SUMIFS(Source_Evolution!$Q$3:$Q$731,Source_Evolution!$B$3:$B$731,"Software") | O4: =IFERROR((N4/B4)^(1/12)-1,"-")
A5: Operations | B5: =SUMIFS(Source_Evolution!$E$3:$E$731,Source_Evolution!$B$3:$B$731,"Operations") | C5: =SUMIFS(Source_Evolution!$F$3:$F$731,Source_Evolution!$B$3:$B$731,"Operations") | D5: =SUMIFS(Source_Evolution!$G$3:$G$731,Source_Evolution!$B$3:$B$731,"Operations") | E5: =SUMIFS(Source_Evolution!$H$3:$H$731,Source_Evolution!$B$3:$B$731,"Operations") | F5: =SUMIFS(Source_Evolution!$I$3:$I$731,Source_Evolution!$B$3:$B$731,"Operations") | G5: =SUMIFS(Source_Evolution!$J$3:$J$731,Source_Evolution!$B$3:$B$731,"Operations") | H5: =SUMIFS(Source_Evolution!$K$3:$K$731,Source_Evolution!$B$3:$B$731,"Operations") | I5: =SUMIFS(Source_Evolution!$L$3:$L$731,Source_Evolution!$B$3:$B$731,"Operations") | J5: =SUMIFS(Source_Evolution!$M$3:$M$731,Source_Evolution!$B$3:$B$731,"Operations") | K5: =SUMIFS(Source_Evolution!$N$3:$N$731,Source_Evolution!$B$3:$B$731,"Operations") | L5: =SUMIFS(Source_Evolution!$O$3:$O$731,Source_Evolution!$B$3:$B$731,"Operations") | M5: =SUMIFS(Source_Evolution!$P$3:$P$731,Source_Evolution!$B$3:$B$731,"Operations") | N5: =SUMIFS(Source_Evolution!$Q$3:$Q$731,Source_Evolution!$B$3:$B$731,"Operations") | O5: =IFERROR((N5/B5)^(1/12)-1,"-")
A6: CVA | B6: =SUMIFS(Source_Evolution!$E$3:$E$731,Source_Evolution!$B$3:$B$731,"CVA") | C6: =SUMIFS(Source_Evolution!$F$3:$F$731,Source_Evolution!$B$3:$B$731,"CVA") | D6: =SUMIFS(Source_Evolution!$G$3:$G$731,Source_Evolution!$B$3:$B$731,"CVA") | E6: =SUMIFS(Source_Evolution!$H$3:$H$731,Source_Evolution!$B$3:$B$731,"CVA") | F6: =SUMIFS(Source_Evolution!$I$3:$I$731,Source_Evolution!$B$3:$B$731,"CVA") | G6: =SUMIFS(Source_Evolution!$J$3:$J$731,Source_Evolution!$B$3:$B$731,"CVA") | H6: =SUMIFS(Source_Evolution!$K$3:$K$731,Source_Evolution!$B$3:$B$731,"CVA") | I6: =SUMIFS(Source_Evolution!$L$3:$L$731,Source_Evolution!$B$3:$B$731,"CVA") | J6: =SUMIFS(Source_Evolution!$M$3:$M$731,Source_Evolution!$B$3:$B$731,"CVA") | K6: =SUMIFS(Source_Evolution!$N$3:$N$731,Source_Evolution!$B$3:$B$731,"CVA") | L6: =SUMIFS(Source_Evolution!$O$3:$O$731,Source_Evolution!$B$3:$B$731,"CVA") | M6: =SUMIFS(Source_Evolution!$P$3:$P$731,Source_Evolution!$B$3:$B$731,"CVA") | N6: =SUMIFS(Source_Evolution!$Q$3:$Q$731,Source_Evolution!$B$3:$B$731,"CVA") | O6: =IFERROR((N6/B6)^(1/12)-1,"-")
A7: Power | B7: =SUMIFS(Source_Evolution!$E$3:$E$731,Source_Evolution!$B$3:$B$731,"Power") | C7: =SUMIFS(Source_Evolution!$F$3:$F$731,Source_Evolution!$B$3:$B$731,"Power") | D7: =SUMIFS(Source_Evolution!$G$3:$G$731,Source_Evolution!$B$3:$B$731,"Power") | E7: =SUMIFS(Source_Evolution!$H$3:$H$731,Source_Evolution!$B$3:$B$731,"Power") | F7: =SUMIFS(Source_Evolution!$I$3:$I$731,Source_Evolution!$B$3:$B$731,"Power") | G7: =SUMIFS(Source_Evolution!$J$3:$J$731,Source_Evolution!$B$3:$B$731,"Power") | H7: =SUMIFS(Source_Evolution!$K$3:$K$731,Source_Evolution!$B$3:$B$731,"Power") | I7: =SUMIFS(Source_Evolution!$L$3:$L$731,Source_Evolution!$B$3:$B$731,"Power") | J7: =SUMIFS(Source_Evolution!$M$3:$M$731,Source_Evolution!$B$3:$B$731,"Power") | K7: =SUMIFS(Source_Evolution!$N$3:$N$731,Source_Evolution!$B$3:$B$731,"Power") | L7: =SUMIFS(Source_Evolution!$O$3:$O$731,Source_Evolution!$B$3:$B$731,"Power") | M7: =SUMIFS(Source_Evolution!$P$3:$P$731,Source_Evolution!$B$3:$B$731,"Power") | N7: =SUMIFS(Source_Evolution!$Q$3:$Q$731,Source_Evolution!$B$3:$B$731,"Power") | O7: =IFERROR((N7/B7)^(1/12)-1,"-")
A8: Total | B8: =SUM(B4:B7) | C8: =SUM(C4:C7) | D8: =SUM(D4:D7) | E8: =SUM(E4:E7) | F8: =SUM(F4:F7) | G8: =SUM(G4:G7) | H8: =SUM(H4:H7) | I8: =SUM(I4:I7) | ... N8: =SUM(N4:N7) | O8: =IFERROR((N8/B8)^(1/12)-1,"-")
A10: % Mix
A11: Software | B11: =IFERROR(B4/B8,"-") | C11: =IFERROR(C4/C8,"-") | D11: =IFERROR(D4/D8,"-") | E11: =IFERROR(E4/E8,"-") | F11: =IFERROR(F4/F8,"-") | G11: =IFERROR(G4/G8,"-") | H11: =IFERROR(H4/H8,"-") | I11: =IFERROR(I4/I8,"-") | ... N11: =IFERROR(N4/N8,"-")
A12: Operations | B12: =IFERROR(B5/B8,"-") | C12: =IFERROR(C5/C8,"-") | D12: =IFERROR(D5/D8,"-") | E12: =IFERROR(E5/E8,"-") | F12: =IFERROR(F5/F8,"-") | G12: =IFERROR(G5/G8,"-") | H12: =IFERROR(H5/H8,"-") | I12: =IFERROR(I5/I8,"-") | ... N12: =IFERROR(N5/N8,"-")
A13: CVA | B13: =IFERROR(B6/B8,"-") | C13: =IFERROR(C6/C8,"-") | D13: =IFERROR(D6/D8,"-") | E13: =IFERROR(E6/E8,"-") | F13: =IFERROR(F6/F8,"-") | G13: =IFERROR(G6/G8,"-") | H13: =IFERROR(H6/H8,"-") | I13: =IFERROR(I6/I8,"-") | ... N13: =IFERROR(N6/N8,"-")
A14: Power | B14: =IFERROR(B7/B8,"-") | C14: =IFERROR(C7/C8,"-") | D14: =IFERROR(D7/D8,"-") | E14: =IFERROR(E7/E8,"-") | F14: =IFERROR(F7/F8,"-") | G14: =IFERROR(G7/G8,"-") | H14: =IFERROR(H7/H8,"-") | I14: =IFERROR(I7/I8,"-") | ... N14: =IFERROR(N7/N8,"-")

Sheet By Product
A1: Revenue by Product (£ GBP)
A3: Product | B3: FY2014A | C3: FY2015A | D3: FY2016A | E3: FY2017A | F3: FY2018A | G3: FY2019A | H3: FY2020A | I3: FY2021A | J3: FY2022A | K3: FY2023A | L3: FY2024A | M3: FY2025A | N3: FY2026A | O3: CAGR FY14-FY26 | P3: % of FY26
A4: CVA | B4: =SUMIFS(Source_Evolution!$E$3:$E$731,Source_Evolution!$C$3:$C$731,"CVA") | C4: =SUMIFS(Source_Evolution!$F$3:$F$731,Source_Evolution!$C$3:$C$731,"CVA") | D4: =SUMIFS(Source_Evolution!$G$3:$G$731,Source_Evolution!$C$3:$C$731,"CVA") | E4: =SUMIFS(Source_Evolution!$H$3:$H$731,Source_Evolution!$C$3:$C$731,"CVA") | F4: =SUMIFS(Source_Evolution!$I$3:$I$731,Source_Evolution!$C$3:$C$731,"CVA") | G4: =SUMIFS(Source_Evolution!$J$3:$J$731,Source_Evolution!$C$3:$C$731,"CVA") | H4: =SUMIFS(Source_Evolution!$K$3:$K$731,Source_Evolution!$C$3:$C$731,"CVA") | I4: =SUMIFS(Source_Evolution!$L$3:$L$731,Source_Evolution!$C$3:$C$731,"CVA") | J4: =SUMIFS(Source_Evolution!$M$3:$M$731,Source_Evolution!$C$3:$C$731,"CVA") | K4: =SUMIFS(Source_Evolution!$N$3:$N$731,Source_Evolution!$C$3:$C$731,"CVA") | L4: =SUMIFS(Source_Evolution!$O$3:$O$731,Source_Evolution!$C$3:$C$731,"CVA") | M4: =SUMIFS(Source_Evolution!$P$3:$P$731,Source_Evolution!$C$3:$C$731,"CVA") | N4: =SUMIFS(Source_Evolution!$Q$3:$Q$731,Source_Evolution!$C$3:$C$731,"CVA") | O4: =IFERROR((N4/B4)^(1/12)-1,"-") | P4: =IFERROR(N4/N$23,"-")
A5: Chorus | B5: =SUMIFS(Source_Evolution!$E$3:$E$731,Source_Evolution!$C$3:$C$731,"Chorus") | C5: =SUMIFS(Source_Evolution!$F$3:$F$731,Source_Evolution!$C$3:$C$731,"Chorus") | D5: =SUMIFS(Source_Evolution!$G$3:$G$731,Source_Evolution!$C$3:$C$731,"Chorus") | E5: =SUMIFS(Source_Evolution!$H$3:$H$731,Source_Evolution!$C$3:$C$731,"Chorus") | F5: =SUMIFS(Source_Evolution!$I$3:$I$731,Source_Evolution!$C$3:$C$731,"Chorus") | G5: =SUMIFS(Source_Evolution!$J$3:$J$731,Source_Evolution!$C$3:$C$731,"Chorus") | H5: =SUMIFS(Source_Evolution!$K$3:$K$731,Source_Evolution!$C$3:$C$731,"Chorus") | I5: =SUMIFS(Source_Evolution!$L$3:$L$731,Source_Evolution!$C$3:$C$731,"Chorus") | J5: =SUMIFS(Source_Evolution!$M$3:$M$731,Source_Evolution!$C$3:$C$731,"Chorus") | K5: =SUMIFS(Source_Evolution!$N$3:$N$731,Source_Evolution!$C$3:$C$731,"Chorus") | L5: =SUMIFS(Source_Evolution!$O$3:$O$731,Source_Evolution!$C$3:$C$731,"Chorus") | M5: =SUMIFS(Source_Evolution!$P$3:$P$731,Source_Evolution!$C$3:$C$731,"Chorus") | N5: =SUMIFS(Source_Evolution!$Q$3:$Q$731,Source_Evolution!$C$3:$C$731,"Chorus") | O5: =IFERROR((N5/B5)^(1/12)-1,"-") | P5: =IFERROR(N5/N$23,"-")
A6: CodeRunner | B6: =SUMIFS(Source_Evolution!$E$3:$E$731,Source_Evolution!$C$3:$C$731,"CodeRunner") | C6: =SUMIFS(Source_Evolution!$F$3:$F$731,Source_Evolution!$C$3:$C$731,"CodeRunner") | D6: =SUMIFS(Source_Evolution!$G$3:$G$731,Source_Evolution!$C$3:$C$731,"CodeRunner") | E6: =SUMIFS(Source_Evolution!$H$3:$H$731,Source_Evolution!$C$3:$C$731,"CodeRunner") | F6: =SUMIFS(Source_Evolution!$I$3:$I$731,Source_Evolution!$C$3:$C$731,"CodeRunner") | G6: =SUMIFS(Source_Evolution!$J$3:$J$731,Source_Evolution!$C$3:$C$731,"CodeRunner") | H6: =SUMIFS(Source_Evolution!$K$3:$K$731,Source_Evolution!$C$3:$C$731,"CodeRunner") | I6: =SUMIFS(Source_Evolution!$L$3:$L$731,Source_Evolution!$C$3:$C$731,"CodeRunner") | J6: =SUMIFS(Source_Evolution!$M$3:$M$731,Source_Evolution!$C$3:$C$731,"CodeRunner") | K6: =SUMIFS(Source_Evolution!$N$3:$N$731,Source_Evolution!$C$3:$C$731,"CodeRunner") | L6: =SUMIFS(Source_Evolution!$O$3:$O$731,Source_Evolution!$C$3:$C$731,"CodeRunner") | M6: =SUMIFS(Source_Evolution!$P$3:$P$731,Source_Evolution!$C$3:$C$731,"CodeRunner") | N6: =SUMIFS(Source_Evolution!$Q$3:$Q$731,Source_Evolution!$C$3:$C$731,"CodeRunner") | O6: =IFERROR((N6/B6)^(1/12)-1,"-") | P6: =IFERROR(N6/N$23,"-")
A7: Demand Text | B7: =SUMIFS(Source_Evolution!$E$3:$E$731,Source_Evolution!$C$3:$C$731,"Demand Text") | C7: =SUMIFS(Source_Evolution!$F$3:$F$731,Source_Evolution!$C$3:$C$731,"Demand Text") | D7: =SUMIFS(Source_Evolution!$G$3:$G$731,Source_Evolution!$C$3:$C$731,"Demand Text") | E7: =SUMIFS(Source_Evolution!$H$3:$H$731,Source_Evolution!$C$3:$C$731,"Demand Text") | F7: =SUMIFS(Source_Evolution!$I$3:$I$731,Source_Evolution!$C$3:$C$731,"Demand Text") | G7: =SUMIFS(Source_Evolution!$J$3:$J$731,Source_Evolution!$C$3:$C$731,"Demand Text") | H7: =SUMIFS(Source_Evolution!$K$3:$K$731,Source_Evolution!$C$3:$C$731,"Demand Text") | I7: =SUMIFS(Source_Evolution!$L$3:$L$731,Source_Evolution!$C$3:$C$731,"Demand Text") | J7: =SUMIFS(Source_Evolution!$M$3:$M$731,Source_Evolution!$C$3:$C$731,"Demand Text") | K7: =SUMIFS(Source_Evolution!$N$3:$N$731,Source_Evolution!$C$3:$C$731,"Demand Text") | L7: =SUMIFS(Source_Evolution!$O$3:$O$731,Source_Evolution!$C$3:$C$731,"Demand Text") | M7: =SUMIFS(Source_Evolution!$P$3:$P$731,Source_Evolution!$C$3:$C$731,"Demand Text") | N7: =SUMIFS(Source_Evolution!$Q$3:$Q$731,Source_Evolution!$C$3:$C$731,"Demand Text") | O7: =IFERROR((N7/B7)^(1/12)-1,"-") | P7: =IFERROR(N7/N$23,"-")
A8: ENOM | B8: =SUMIFS(Source_Evolution!$E$3:$E$731,Source_Evolution!$C$3:$C$731,"ENOM") | C8: =SUMIFS(Source_Evolution!$F$3:$F$731,Source_Evolution!$C$3:$C$731,"ENOM") | D8: =SUMIFS(Source_Evolution!$G$3:$G$731,Source_Evolution!$C$3:$C$731,"ENOM") | E8: =SUMIFS(Source_Evolution!$H$3:$H$731,Source_Evolution!$C$3:$C$731,"ENOM") | F8: =SUMIFS(Source_Evolution!$I$3:$I$731,Source_Evolution!$C$3:$C$731,"ENOM") | G8: =SUMIFS(Source_Evolution!$J$3:$J$731,Source_Evolution!$C$3:$C$731,"ENOM") | H8: =SUMIFS(Source_Evolution!$K$3:$K$731,Source_Evolution!$C$3:$C$731,"ENOM") | I8: =SUMIFS(Source_Evolution!$L$3:$L$731,Source_Evolution!$C$3:$C$731,"ENOM") | J8: =SUMIFS(Source_Evolution!$M$3:$M$731,Source_Evolution!$C$3:$C$731,"ENOM") | K8: =SUMIFS(Source_Evolution!$N$3:$N$731,Source_Evolution!$C$3:$C$731,"ENOM") | L8: =SUMIFS(Source_Evolution!$O$3:$O$731,Source_Evolution!$C$3:$C$731,"ENOM") | M8: =SUMIFS(Source_Evolution!$P$3:$P$731,Source_Evolution!$C$3:$C$731,"ENOM") | N8: =SUMIFS(Source_Evolution!$Q$3:$Q$731,Source_Evolution!$C$3:$C$731,"ENOM") | O8: =IFERROR((N8/B8)^(1/12)-1,"-") | P8: =IFERROR(N8/N$23,"-")
A9: ENOM+ | B9: =SUMIFS(Source_Evolution!$E$3:$E$731,Source_Evolution!$C$3:$C$731,"ENOM+") | C9: =SUMIFS(Source_Evolution!$F$3:$F$731,Source_Evolution!$C$3:$C$731,"ENOM+") | D9: =SUMIFS(Source_Evolution!$G$3:$G$731,Source_Evolution!$C$3:$C$731,"ENOM+") | E9: =SUMIFS(Source_Evolution!$H$3:$H$731,Source_Evolution!$C$3:$C$731,"ENOM+") | F9: =SUMIFS(Source_Evolution!$I$3:$I$731,Source_Evolution!$C$3:$C$731,"ENOM+") | G9: =SUMIFS(Source_Evolution!$J$3:$J$731,Source_Evolution!$C$3:$C$731,"ENOM+") | H9: =SUMIFS(Source_Evolution!$K$3:$K$731,Source_Evolution!$C$3:$C$731,"ENOM+") | I9: =SUMIFS(Source_Evolution!$L$3:$L$731,Source_Evolution!$C$3:$C$731,"ENOM+") | J9: =SUMIFS(Source_Evolution!$M$3:$M$731,Source_Evolution!$C$3:$C$731,"ENOM+") | K9: =SUMIFS(Source_Evolution!$N$3:$N$731,Source_Evolution!$C$3:$C$731,"ENOM+") | L9: =SUMIFS(Source_Evolution!$O$3:$O$731,Source_Evolution!$C$3:$C$731,"ENOM+") | M9: =SUMIFS(Source_Evolution!$P$3:$P$731,Source_Evolution!$C$3:$C$731,"ENOM+") | N9: =SUMIFS(Source_Evolution!$Q$3:$Q$731,Source_Evolution!$C$3:$C$731,"ENOM+") | O9: =IFERROR((N9/B9)^(1/12)-1,"-") | P9: =IFERROR(N9/N$23,"-")
A10: EuroRunner | B10: =SUMIFS(Source_Evolution!$E$3:$E$731,Source_Evolution!$C$3:$C$731,"EuroRunner") | C10: =SUMIFS(Source_Evolution!$F$3:$F$731,Source_Evolution!$C$3:$C$731,"EuroRunner") | D10: =SUMIFS(Source_Evolution!$G$3:$G$731,Source_Evolution!$C$3:$C$731,"EuroRunner") | E10: =SUMIFS(Source_Evolution!$H$3:$H$731,Source_Evolution!$C$3:$C$731,"EuroRunner") | F10: =SUMIFS(Source_Evolution!$I$3:$I$731,Source_Evolution!$C$3:$C$731,"EuroRunner") | G10: =SUMIFS(Source_Evolution!$J$3:$J$731,Source_Evolution!$C$3:$C$731,"EuroRunner") | H10: =SUMIFS(Source_Evolution!$K$3:$K$731,Source_Evolution!$C$3:$C$731,"EuroRunner") | I10: =SUMIFS(Source_Evolution!$L$3:$L$731,Source_Evolution!$C$3:$C$731,"EuroRunner") | J10: =SUMIFS(Source_Evolution!$M$3:$M$731,Source_Evolution!$C$3:$C$731,"EuroRunner") | K10: =SUMIFS(Source_Evolution!$N$3:$N$731,Source_Evolution!$C$3:$C$731,"EuroRunner") | L10: =SUMIFS(Source_Evolution!$O$3:$O$731,Source_Evolution!$C$3:$C$731,"EuroRunner") | M10: =SUMIFS(Source_Evolution!$P$3:$P$731,Source_Evolution!$C$3:$C$731,"EuroRunner") | N10: =SUMIFS(Source_Evolution!$Q$3:$Q$731,Source_Evolution!$C$3:$C$731,"EuroRunner") | O10: =IFERROR((N10/B10)^(1/12)-1,"-") | P10: =IFERROR(N10/N$23,"-")
A11: Fluxys Software | B11: =SUMIFS(Source_Evolution!$E$3:$E$731,Source_Evolution!$C$3:$C$731,"Fluxys Software") | C11: =SUMIFS(Source_Evolution!$F$3:$F$731,Source_Evolution!$C$3:$C$731,"Fluxys Software") | D11: =SUMIFS(Source_Evolution!$G$3:$G$731,Source_Evolution!$C$3:$C$731,"Fluxys Software") | E11: =SUMIFS(Source_Evolution!$H$3:$H$731,Source_Evolution!$C$3:$C$731,"Fluxys Software") | F11: =SUMIFS(Source_Evolution!$I$3:$I$731,Source_Evolution!$C$3:$C$731,"Fluxys Software") | G11: =SUMIFS(Source_Evolution!$J$3:$J$731,Source_Evolution!$C$3:$C$731,"Fluxys Software") | H11: =SUMIFS(Source_Evolution!$K$3:$K$731,Source_Evolution!$C$3:$C$731,"Fluxys Software") | I11: =SUMIFS(Source_Evolution!$L$3:$L$731,Source_Evolution!$C$3:$C$731,"Fluxys Software") | J11: =SUMIFS(Source_Evolution!$M$3:$M$731,Source_Evolution!$C$3:$C$731,"Fluxys Software") | K11: =SUMIFS(Source_Evolution!$N$3:$N$731,Source_Evolution!$C$3:$C$731,"Fluxys Software") | L11: =SUMIFS(Source_Evolution!$O$3:$O$731,Source_Evolution!$C$3:$C$731,"Fluxys Software") | M11: =SUMIFS(Source_Evolution!$P$3:$P$731,Source_Evolution!$C$3:$C$731,"Fluxys Software") | N11: =SUMIFS(Source_Evolution!$Q$3:$Q$731,Source_Evolution!$C$3:$C$731,"Fluxys Software") | O11: =IFERROR((N11/B11)^(1/12)-1,"-") | P11: =IFERROR(N11/N$23,"-")
A12: Hosting | B12: =SUMIFS(Source_Evolution!$E$3:$E$731,Source_Evolution!$C$3:$C$731,"Hosting") | C12: =SUMIFS(Source_Evolution!$F$3:$F$731,Source_Evolution!$C$3:$C$731,"Hosting") | D12: =SUMIFS(Source_Evolution!$G$3:$G$731,Source_Evolution!$C$3:$C$731,"Hosting") | E12: =SUMIFS(Source_Evolution!$H$3:$H$731,Source_Evolution!$C$3:$C$731,"Hosting") | F12: =SUMIFS(Source_Evolution!$I$3:$I$731,Source_Evolution!$C$3:$C$731,"Hosting") | G12: =SUMIFS(Source_Evolution!$J$3:$J$731,Source_Evolution!$C$3:$C$731,"Hosting") | H12: =SUMIFS(Source_Evolution!$K$3:$K$731,Source_Evolution!$C$3:$C$731,"Hosting") | I12: =SUMIFS(Source_Evolution!$L$3:$L$731,Source_Evolution!$C$3:$C$731,"Hosting") | J12: =SUMIFS(Source_Evolution!$M$3:$M$731,Source_Evolution!$C$3:$C$731,"Hosting") | K12: =SUMIFS(Source_Evolution!$N$3:$N$731,Source_Evolution!$C$3:$C$731,"Hosting") | L12: =SUMIFS(Source_Evolution!$O$3:$O$731,Source_Evolution!$C$3:$C$731,"Hosting") | M12: =SUMIFS(Source_Evolution!$P$3:$P$731,Source_Evolution!$C$3:$C$731,"Hosting") | N12: =SUMIFS(Source_Evolution!$Q$3:$Q$731,Source_Evolution!$C$3:$C$731,"Hosting") | O12: =IFERROR((N12/B12)^(1/12)-1,"-") | P12: =IFERROR(N12/N$23,"-")
A13: IT Other | B13: =SUMIFS(Source_Evolution!$E$3:$E$731,Source_Evolution!$C$3:$C$731,"IT Other") | C13: =SUMIFS(Source_Evolution!$F$3:$F$731,Source_Evolution!$C$3:$C$731,"IT Other") | D13: =SUMIFS(Source_Evolution!$G$3:$G$731,Source_Evolution!$C$3:$C$731,"IT Other") | E13: =SUMIFS(Source_Evolution!$H$3:$H$731,Source_Evolution!$C$3:$C$731,"IT Other") | F13: =SUMIFS(Source_Evolution!$I$3:$I$731,Source_Evolution!$C$3:$C$731,"IT Other") | G13: =SUMIFS(Source_Evolution!$J$3:$J$731,Source_Evolution!$C$3:$C$731,"IT Other") | H13: =SUMIFS(Source_Evolution!$K$3:$K$731,Source_Evolution!$C$3:$C$731,"IT Other") | I13: =SUMIFS(Source_Evolution!$L$3:$L$731,Source_Evolution!$C$3:$C$731,"IT Other") | J13: =SUMIFS(Source_Evolution!$M$3:$M$731,Source_Evolution!$C$3:$C$731,"IT Other") | K13: =SUMIFS(Source_Evolution!$N$3:$N$731,Source_Evolution!$C$3:$C$731,"IT Other") | L13: =SUMIFS(Source_Evolution!$O$3:$O$731,Source_Evolution!$C$3:$C$731,"IT Other") | M13: =SUMIFS(Source_Evolution!$P$3:$P$731,Source_Evolution!$C$3:$C$731,"IT Other") | N13: =SUMIFS(Source_Evolution!$Q$3:$Q$731,Source_Evolution!$C$3:$C$731,"IT Other") | O13: =IFERROR((N13/B13)^(1/12)-1,"-") | P13: =IFERROR(N13/N$23,"-")
A14: Inform | B14: =SUMIFS(Source_Evolution!$E$3:$E$731,Source_Evolution!$C$3:$C$731,"Inform") | C14: =SUMIFS(Source_Evolution!$F$3:$F$731,Source_Evolution!$C$3:$C$731,"Inform") | D14: =SUMIFS(Source_Evolution!$G$3:$G$731,Source_Evolution!$C$3:$C$731,"Inform") | E14: =SUMIFS(Source_Evolution!$H$3:$H$731,Source_Evolution!$C$3:$C$731,"Inform") | F14: =SUMIFS(Source_Evolution!$I$3:$I$731,Source_Evolution!$C$3:$C$731,"Inform") | G14: =SUMIFS(Source_Evolution!$J$3:$J$731,Source_Evolution!$C$3:$C$731,"Inform") | H14: =SUMIFS(Source_Evolution!$K$3:$K$731,Source_Evolution!$C$3:$C$731,"Inform") | I14: =SUMIFS(Source_Evolution!$L$3:$L$731,Source_Evolution!$C$3:$C$731,"Inform") | J14: =SUMIFS(Source_Evolution!$M$3:$M$731,Source_Evolution!$C$3:$C$731,"Inform") | K14: =SUMIFS(Source_Evolution!$N$3:$N$731,Source_Evolution!$C$3:$C$731,"Inform") | L14: =SUMIFS(Source_Evolution!$O$3:$O$731,Source_Evolution!$C$3:$C$731,"Inform") | M14: =SUMIFS(Source_Evolution!$P$3:$P$731,Source_Evolution!$C$3:$C$731,"Inform") | N14: =SUMIFS(Source_Evolution!$Q$3:$Q$731,Source_Evolution!$C$3:$C$731,"Inform") | O14: =IFERROR((N14/B14)^(1/12)-1,"-") | P14: =IFERROR(N14/N$23,"-")
A15: Market Gas | B15: =SUMIFS(Source_Evolution!$E$3:$E$731,Source_Evolution!$C$3:$C$731,"Market Gas") | C15: =SUMIFS(Source_Evolution!$F$3:$F$731,Source_Evolution!$C$3:$C$731,"Market Gas") | D15: =SUMIFS(Source_Evolution!$G$3:$G$731,Source_Evolution!$C$3:$C$731,"Market Gas") | E15: =SUMIFS(Source_Evolution!$H$3:$H$731,Source_Evolution!$C$3:$C$731,"Market Gas") | F15: =SUMIFS(Source_Evolution!$I$3:$I$731,Source_Evolution!$C$3:$C$731,"Market Gas") | G15: =SUMIFS(Source_Evolution!$J$3:$J$731,Source_Evolution!$C$3:$C$731,"Market Gas") | H15: =SUMIFS(Source_Evolution!$K$3:$K$731,Source_Evolution!$C$3:$C$731,"Market Gas") | I15: =SUMIFS(Source_Evolution!$L$3:$L$731,Source_Evolution!$C$3:$C$731,"Market Gas") | J15: =SUMIFS(Source_Evolution!$M$3:$M$731,Source_Evolution!$C$3:$C$731,"Market Gas") | K15: =SUMIFS(Source_Evolution!$N$3:$N$731,Source_Evolution!$C$3:$C$731,"Market Gas") | L15: =SUMIFS(Source_Evolution!$O$3:$O$731,Source_Evolution!$C$3:$C$731,"Market Gas") | M15: =SUMIFS(Source_Evolution!$P$3:$P$731,Source_Evolution!$C$3:$C$731,"Market Gas") | N15: =SUMIFS(Source_Evolution!$Q$3:$Q$731,Source_Evolution!$C$3:$C$731,"Market Gas") | O15: =IFERROR((N15/B15)^(1/12)-1,"-") | P15: =IFERROR(N15/N$23,"-")
A16: Market Power | B16: =SUMIFS(Source_Evolution!$E$3:$E$731,Source_Evolution!$C$3:$C$731,"Market Power") | C16: =SUMIFS(Source_Evolution!$F$3:$F$731,Source_Evolution!$C$3:$C$731,"Market Power") | D16: =SUMIFS(Source_Evolution!$G$3:$G$731,Source_Evolution!$C$3:$C$731,"Market Power") | E16: =SUMIFS(Source_Evolution!$H$3:$H$731,Source_Evolution!$C$3:$C$731,"Market Power") | F16: =SUMIFS(Source_Evolution!$I$3:$I$731,Source_Evolution!$C$3:$C$731,"Market Power") | G16: =SUMIFS(Source_Evolution!$J$3:$J$731,Source_Evolution!$C$3:$C$731,"Market Power") | H16: =SUMIFS(Source_Evolution!$K$3:$K$731,Source_Evolution!$C$3:$C$731,"Market Power") | I16: =SUMIFS(Source_Evolution!$L$3:$L$731,Source_Evolution!$C$3:$C$731,"Market Power") | J16: =SUMIFS(Source_Evolution!$M$3:$M$731,Source_Evolution!$C$3:$C$731,"Market Power") | K16: =SUMIFS(Source_Evolution!$N$3:$N$731,Source_Evolution!$C$3:$C$731,"Market Power") | L16: =SUMIFS(Source_Evolution!$O$3:$O$731,Source_Evolution!$C$3:$C$731,"Market Power") | M16: =SUMIFS(Source_Evolution!$P$3:$P$731,Source_Evolution!$C$3:$C$731,"Market Power") | N16: =SUMIFS(Source_Evolution!$Q$3:$Q$731,Source_Evolution!$C$3:$C$731,"Market Power") | O16: =IFERROR((N16/B16)^(1/12)-1,"-") | P16: =IFERROR(N16/N$23,"-")
A17: Operations Other | B17: =SUMIFS(Source_Evolution!$E$3:$E$731,Source_Evolution!$C$3:$C$731,"Operations Other") | C17: =SUMIFS(Source_Evolution!$F$3:$F$731,Source_Evolution!$C$3:$C$731,"Operations Other") | D17: =SUMIFS(Source_Evolution!$G$3:$G$731,Source_Evolution!$C$3:$C$731,"Operations Other") | E17: =SUMIFS(Source_Evolution!$H$3:$H$731,Source_Evolution!$C$3:$C$731,"Operations Other") | F17: =SUMIFS(Source_Evolution!$I$3:$I$731,Source_Evolution!$C$3:$C$731,"Operations Other") | G17: =SUMIFS(Source_Evolution!$J$3:$J$731,Source_Evolution!$C$3:$C$731,"Operations Other") | H17: =SUMIFS(Source_Evolution!$K$3:$K$731,Source_Evolution!$C$3:$C$731,"Operations Other") | I17: =SUMIFS(Source_Evolution!$L$3:$L$731,Source_Evolution!$C$3:$C$731,"Operations Other") | J17: =SUMIFS(Source_Evolution!$M$3:$M$731,Source_Evolution!$C$3:$C$731,"Operations Other") | K17: =SUMIFS(Source_Evolution!$N$3:$N$731,Source_Evolution!$C$3:$C$731,"Operations Other") | L17: =SUMIFS(Source_Evolution!$O$3:$O$731,Source_Evolution!$C$3:$C$731,"Operations Other") | M17: =SUMIFS(Source_Evolution!$P$3:$P$731,Source_Evolution!$C$3:$C$731,"Operations Other") | N17: =SUMIFS(Source_Evolution!$Q$3:$Q$731,Source_Evolution!$C$3:$C$731,"Operations Other") | O17: =IFERROR((N17/B17)^(1/12)-1,"-") | P17: =IFERROR(N17/N$23,"-")
A18: PowerTrak | B18: =SUMIFS(Source_Evolution!$E$3:$E$731,Source_Evolution!$C$3:$C$731,"PowerTrak") | C18: =SUMIFS(Source_Evolution!$F$3:$F$731,Source_Evolution!$C$3:$C$731,"PowerTrak") | D18: =SUMIFS(Source_Evolution!$G$3:$G$731,Source_Evolution!$C$3:$C$731,"PowerTrak") | E18: =SUMIFS(Source_Evolution!$H$3:$H$731,Source_Evolution!$C$3:$C$731,"PowerTrak") | F18: =SUMIFS(Source_Evolution!$I$3:$I$731,Source_Evolution!$C$3:$C$731,"PowerTrak") | G18: =SUMIFS(Source_Evolution!$J$3:$J$731,Source_Evolution!$C$3:$C$731,"PowerTrak") | H18: =SUMIFS(Source_Evolution!$K$3:$K$731,Source_Evolution!$C$3:$C$731,"PowerTrak") | I18: =SUMIFS(Source_Evolution!$L$3:$L$731,Source_Evolution!$C$3:$C$731,"PowerTrak") | J18: =SUMIFS(Source_Evolution!$M$3:$M$731,Source_Evolution!$C$3:$C$731,"PowerTrak") | K18: =SUMIFS(Source_Evolution!$N$3:$N$731,Source_Evolution!$C$3:$C$731,"PowerTrak") | L18: =SUMIFS(Source_Evolution!$O$3:$O$731,Source_Evolution!$C$3:$C$731,"PowerTrak") | M18: =SUMIFS(Source_Evolution!$P$3:$P$731,Source_Evolution!$C$3:$C$731,"PowerTrak") | N18: =SUMIFS(Source_Evolution!$Q$3:$Q$731,Source_Evolution!$C$3:$C$731,"PowerTrak") | O18: =IFERROR((N18/B18)^(1/12)-1,"-") | P18: =IFERROR(N18/N$23,"-")
A19: Routing | B19: =SUMIFS(Source_Evolution!$E$3:$E$731,Source_Evolution!$C$3:$C$731,"Routing") | C19: =SUMIFS(Source_Evolution!$F$3:$F$731,Source_Evolution!$C$3:$C$731,"Routing") | D19: =SUMIFS(Source_Evolution!$G$3:$G$731,Source_Evolution!$C$3:$C$731,"Routing") | E19: =SUMIFS(Source_Evolution!$H$3:$H$731,Source_Evolution!$C$3:$C$731,"Routing") | F19: =SUMIFS(Source_Evolution!$I$3:$I$731,Source_Evolution!$C$3:$C$731,"Routing") | G19: =SUMIFS(Source_Evolution!$J$3:$J$731,Source_Evolution!$C$3:$C$731,"Routing") | H19: =SUMIFS(Source_Evolution!$K$3:$K$731,Source_Evolution!$C$3:$C$731,"Routing") | I19: =SUMIFS(Source_Evolution!$L$3:$L$731,Source_Evolution!$C$3:$C$731,"Routing") | J19: =SUMIFS(Source_Evolution!$M$3:$M$731,Source_Evolution!$C$3:$C$731,"Routing") | K19: =SUMIFS(Source_Evolution!$N$3:$N$731,Source_Evolution!$C$3:$C$731,"Routing") | L19: =SUMIFS(Source_Evolution!$O$3:$O$731,Source_Evolution!$C$3:$C$731,"Routing") | M19: =SUMIFS(Source_Evolution!$P$3:$P$731,Source_Evolution!$C$3:$C$731,"Routing") | N19: =SUMIFS(Source_Evolution!$Q$3:$Q$731,Source_Evolution!$C$3:$C$731,"Routing") | O19: =IFERROR((N19/B19)^(1/12)-1,"-") | P19: =IFERROR(N19/N$23,"-")
A20: Shipper Gas | B20: =SUMIFS(Source_Evolution!$E$3:$E$731,Source_Evolution!$C$3:$C$731,"Shipper Gas") | C20: =SUMIFS(Source_Evolution!$F$3:$F$731,Source_Evolution!$C$3:$C$731,"Shipper Gas") | D20: =SUMIFS(Source_Evolution!$G$3:$G$731,Source_Evolution!$C$3:$C$731,"Shipper Gas") | E20: =SUMIFS(Source_Evolution!$H$3:$H$731,Source_Evolution!$C$3:$C$731,"Shipper Gas") | F20: =SUMIFS(Source_Evolution!$I$3:$I$731,Source_Evolution!$C$3:$C$731,"Shipper Gas") | G20: =SUMIFS(Source_Evolution!$J$3:$J$731,Source_Evolution!$C$3:$C$731,"Shipper Gas") | H20: =SUMIFS(Source_Evolution!$K$3:$K$731,Source_Evolution!$C$3:$C$731,"Shipper Gas") | I20: =SUMIFS(Source_Evolution!$L$3:$L$731,Source_Evolution!$C$3:$C$731,"Shipper Gas") | J20: =SUMIFS(Source_Evolution!$M$3:$M$731,Source_Evolution!$C$3:$C$731,"Shipper Gas") | K20: =SUMIFS(Source_Evolution!$N$3:$N$731,Source_Evolution!$C$3:$C$731,"Shipper Gas") | L20: =SUMIFS(Source_Evolution!$O$3:$O$731,Source_Evolution!$C$3:$C$731,"Shipper Gas") | M20: =SUMIFS(Source_Evolution!$P$3:$P$731,Source_Evolution!$C$3:$C$731,"Shipper Gas") | N20: =SUMIFS(Source_Evolution!$Q$3:$Q$731,Source_Evolution!$C$3:$C$731,"Shipper Gas") | O20: =IFERROR((N20/B20)^(1/12)-1,"-") | P20: =IFERROR(N20/N$23,"-")
A21: Shipper Power | B21: =SUMIFS(Source_Evolution!$E$3:$E$731,Source_Evolution!$C$3:$C$731,"Shipper Power") | C21: =SUMIFS(Source_Evolution!$F$3:$F$731,Source_Evolution!$C$3:$C$731,"Shipper Power") | D21: =SUMIFS(Source_Evolution!$G$3:$G$731,Source_Evolution!$C$3:$C$731,"Shipper Power") | E21: =SUMIFS(Source_Evolution!$H$3:$H$731,Source_Evolution!$C$3:$C$731,"Shipper Power") | F21: =SUMIFS(Source_Evolution!$I$3:$I$731,Source_Evolution!$C$3:$C$731,"Shipper Power") | G21: =SUMIFS(Source_Evolution!$J$3:$J$731,Source_Evolution!$C$3:$C$731,"Shipper Power") | H21: =SUMIFS(Source_Evolution!$K$3:$K$731,Source_Evolution!$C$3:$C$731,"Shipper Power") | I21: =SUMIFS(Source_Evolution!$L$3:$L$731,Source_Evolution!$C$3:$C$731,"Shipper Power") | J21: =SUMIFS(Source_Evolution!$M$3:$M$731,Source_Evolution!$C$3:$C$731,"Shipper Power") | K21: =SUMIFS(Source_Evolution!$N$3:$N$731,Source_Evolution!$C$3:$C$731,"Shipper Power") | L21: =SUMIFS(Source_Evolution!$O$3:$O$731,Source_Evolution!$C$3:$C$731,"Shipper Power") | M21: =SUMIFS(Source_Evolution!$P$3:$P$731,Source_Evolution!$C$3:$C$731,"Shipper Power") | N21: =SUMIFS(Source_Evolution!$Q$3:$Q$731,Source_Evolution!$C$3:$C$731,"Shipper Power") | O21: =IFERROR((N21/B21)^(1/12)-1,"-") | P21: =IFERROR(N21/N$23,"-")
A22: Training | B22: =SUMIFS(Source_Evolution!$E$3:$E$731,Source_Evolution!$C$3:$C$731,"Training") | C22: =SUMIFS(Source_Evolution!$F$3:$F$731,Source_Evolution!$C$3:$C$731,"Training") | D22: =SUMIFS(Source_Evolution!$G$3:$G$731,Source_Evolution!$C$3:$C$731,"Training") | E22: =SUMIFS(Source_Evolution!$H$3:$H$731,Source_Evolution!$C$3:$C$731,"Training") | F22: =SUMIFS(Source_Evolution!$I$3:$I$731,Source_Evolution!$C$3:$C$731,"Training") | G22: =SUMIFS(Source_Evolution!$J$3:$J$731,Source_Evolution!$C$3:$C$731,"Training") | H22: =SUMIFS(Source_Evolution!$K$3:$K$731,Source_Evolution!$C$3:$C$731,"Training") | I22: =SUMIFS(Source_Evolution!$L$3:$L$731,Source_Evolution!$C$3:$C$731,"Training") | J22: =SUMIFS(Source_Evolution!$M$3:$M$731,Source_Evolution!$C$3:$C$731,"Training") | K22: =SUMIFS(Source_Evolution!$N$3:$N$731,Source_Evolution!$C$3:$C$731,"Training") | L22: =SUMIFS(Source_Evolution!$O$3:$O$731,Source_Evolution!$C$3:$C$731,"Training") | M22: =SUMIFS(Source_Evolution!$P$3:$P$731,Source_Evolution!$C$3:$C$731,"Training") | N22: =SUMIFS(Source_Evolution!$Q$3:$Q$731,Source_Evolution!$C$3:$C$731,"Training") | O22: =IFERROR((N22/B22)^(1/12)-1,"-") | P22: =IFERROR(N22/N$23,"-")
A23: Total | B23: =SUM(B4:B22) | C23: =SUM(C4:C22) | D23: =SUM(D4:D22) | E23: =SUM(E4:E22) | F23: =SUM(F4:F22) | G23: =SUM(G4:G22) | H23: =SUM(H4:H22) | I23: =SUM(I4:I22) | ... N23: =SUM(N4:N22) | O23: =IFERROR((N23/B23)^(1/12)-1,"-") | P23: =IFERROR(N23/N23,"-")

Sheet By Geography
A1: Revenue by Country (£ GBP)
A3: Country | B3: FY2014A | C3: FY2015A | D3: FY2016A | E3: FY2017A | F3: FY2018A | G3: FY2019A | H3: FY2020A | I3: FY2021A | J3: FY2022A | K3: FY2023A | L3: FY2024A | M3: FY2025A | N3: FY2026A | O3: CAGR FY14-FY26 | P3: % of FY26
A4: Austria | B4: =SUMIFS(Source_Evolution!$E$3:$E$731,Source_Evolution!$D$3:$D$731,"Austria") | C4: =SUMIFS(Source_Evolution!$F$3:$F$731,Source_Evolution!$D$3:$D$731,"Austria") | D4: =SUMIFS(Source_Evolution!$G$3:$G$731,Source_Evolution!$D$3:$D$731,"Austria") | E4: =SUMIFS(Source_Evolution!$H$3:$H$731,Source_Evolution!$D$3:$D$731,"Austria") | F4: =SUMIFS(Source_Evolution!$I$3:$I$731,Source_Evolution!$D$3:$D$731,"Austria") | G4: =SUMIFS(Source_Evolution!$J$3:$J$731,Source_Evolution!$D$3:$D$731,"Austria") | H4: =SUMIFS(Source_Evolution!$K$3:$K$731,Source_Evolution!$D$3:$D$731,"Austria") | I4: =SUMIFS(Source_Evolution!$L$3:$L$731,Source_Evolution!$D$3:$D$731,"Austria") | J4: =SUMIFS(Source_Evolution!$M$3:$M$731,Source_Evolution!$D$3:$D$731,"Austria") | K4: =SUMIFS(Source_Evolution!$N$3:$N$731,Source_Evolution!$D$3:$D$731,"Austria") | L4: =SUMIFS(Source_Evolution!$O$3:$O$731,Source_Evolution!$D$3:$D$731,"Austria") | M4: =SUMIFS(Source_Evolution!$P$3:$P$731,Source_Evolution!$D$3:$D$731,"Austria") | N4: =SUMIFS(Source_Evolution!$Q$3:$Q$731,Source_Evolution!$D$3:$D$731,"Austria") | O4: =IFERROR((N4/B4)^(1/12)-1,"-") | P4: =IFERROR(N4/N$28,"-")
A5: Belgium | B5: =SUMIFS(Source_Evolution!$E$3:$E$731,Source_Evolution!$D$3:$D$731,"Belgium") | C5: =SUMIFS(Source_Evolution!$F$3:$F$731,Source_Evolution!$D$3:$D$731,"Belgium") | D5: =SUMIFS(Source_Evolution!$G$3:$G$731,Source_Evolution!$D$3:$D$731,"Belgium") | E5: =SUMIFS(Source_Evolution!$H$3:$H$731,Source_Evolution!$D$3:$D$731,"Belgium") | F5: =SUMIFS(Source_Evolution!$I$3:$I$731,Source_Evolution!$D$3:$D$731,"Belgium") | G5: =SUMIFS(Source_Evolution!$J$3:$J$731,Source_Evolution!$D$3:$D$731,"Belgium") | H5: =SUMIFS(Source_Evolution!$K$3:$K$731,Source_Evolution!$D$3:$D$731,"Belgium") | I5: =SUMIFS(Source_Evolution!$L$3:$L$731,Source_Evolution!$D$3:$D$731,"Belgium") | J5: =SUMIFS(Source_Evolution!$M$3:$M$731,Source_Evolution!$D$3:$D$731,"Belgium") | K5: =SUMIFS(Source_Evolution!$N$3:$N$731,Source_Evolution!$D$3:$D$731,"Belgium") | L5: =SUMIFS(Source_Evolution!$O$3:$O$731,Source_Evolution!$D$3:$D$731,"Belgium") | M5: =SUMIFS(Source_Evolution!$P$3:$P$731,Source_Evolution!$D$3:$D$731,"Belgium") | N5: =SUMIFS(Source_Evolution!$Q$3:$Q$731,Source_Evolution!$D$3:$D$731,"Belgium") | O5: =IFERROR((N5/B5)^(1/12)-1,"-") | P5: =IFERROR(N5/N$28,"-")
A6: Czech Republic | B6: =SUMIFS(Source_Evolution!$E$3:$E$731,Source_Evolution!$D$3:$D$731,"Czech Republic") | C6: =SUMIFS(Source_Evolution!$F$3:$F$731,Source_Evolution!$D$3:$D$731,"Czech Republic") | D6: =SUMIFS(Source_Evolution!$G$3:$G$731,Source_Evolution!$D$3:$D$731,"Czech Republic") | E6: =SUMIFS(Source_Evolution!$H$3:$H$731,Source_Evolution!$D$3:$D$731,"Czech Republic") | F6: =SUMIFS(Source_Evolution!$I$3:$I$731,Source_Evolution!$D$3:$D$731,"Czech Republic") | G6: =SUMIFS(Source_Evolution!$J$3:$J$731,Source_Evolution!$D$3:$D$731,"Czech Republic") | H6: =SUMIFS(Source_Evolution!$K$3:$K$731,Source_Evolution!$D$3:$D$731,"Czech Republic") | I6: =SUMIFS(Source_Evolution!$L$3:$L$731,Source_Evolution!$D$3:$D$731,"Czech Republic") | J6: =SUMIFS(Source_Evolution!$M$3:$M$731,Source_Evolution!$D$3:$D$731,"Czech Republic") | K6: =SUMIFS(Source_Evolution!$N$3:$N$731,Source_Evolution!$D$3:$D$731,"Czech Republic") | L6: =SUMIFS(Source_Evolution!$O$3:$O$731,Source_Evolution!$D$3:$D$731,"Czech Republic") | M6: =SUMIFS(Source_Evolution!$P$3:$P$731,Source_Evolution!$D$3:$D$731,"Czech Republic") | N6: =SUMIFS(Source_Evolution!$Q$3:$Q$731,Source_Evolution!$D$3:$D$731,"Czech Republic") | O6: =IFERROR((N6/B6)^(1/12)-1,"-") | P6: =IFERROR(N6/N$28,"-")
A7: Denmark | B7: =SUMIFS(Source_Evolution!$E$3:$E$731,Source_Evolution!$D$3:$D$731,"Denmark") | C7: =SUMIFS(Source_Evolution!$F$3:$F$731,Source_Evolution!$D$3:$D$731,"Denmark") | D7: =SUMIFS(Source_Evolution!$G$3:$G$731,Source_Evolution!$D$3:$D$731,"Denmark") | E7: =SUMIFS(Source_Evolution!$H$3:$H$731,Source_Evolution!$D$3:$D$731,"Denmark") | F7: =SUMIFS(Source_Evolution!$I$3:$I$731,Source_Evolution!$D$3:$D$731,"Denmark") | G7: =SUMIFS(Source_Evolution!$J$3:$J$731,Source_Evolution!$D$3:$D$731,"Denmark") | H7: =SUMIFS(Source_Evolution!$K$3:$K$731,Source_Evolution!$D$3:$D$731,"Denmark") | I7: =SUMIFS(Source_Evolution!$L$3:$L$731,Source_Evolution!$D$3:$D$731,"Denmark") | J7: =SUMIFS(Source_Evolution!$M$3:$M$731,Source_Evolution!$D$3:$D$731,"Denmark") | K7: =SUMIFS(Source_Evolution!$N$3:$N$731,Source_Evolution!$D$3:$D$731,"Denmark") | L7: =SUMIFS(Source_Evolution!$O$3:$O$731,Source_Evolution!$D$3:$D$731,"Denmark") | M7: =SUMIFS(Source_Evolution!$P$3:$P$731,Source_Evolution!$D$3:$D$731,"Denmark") | N7: =SUMIFS(Source_Evolution!$Q$3:$Q$731,Source_Evolution!$D$3:$D$731,"Denmark") | O7: =IFERROR((N7/B7)^(1/12)-1,"-") | P7: =IFERROR(N7/N$28,"-")
A8: France | B8: =SUMIFS(Source_Evolution!$E$3:$E$731,Source_Evolution!$D$3:$D$731,"France") | C8: =SUMIFS(Source_Evolution!$F$3:$F$731,Source_Evolution!$D$3:$D$731,"France") | D8: =SUMIFS(Source_Evolution!$G$3:$G$731,Source_Evolution!$D$3:$D$731,"France") | E8: =SUMIFS(Source_Evolution!$H$3:$H$731,Source_Evolution!$D$3:$D$731,"France") | F8: =SUMIFS(Source_Evolution!$I$3:$I$731,Source_Evolution!$D$3:$D$731,"France") | G8: =SUMIFS(Source_Evolution!$J$3:$J$731,Source_Evolution!$D$3:$D$731,"France") | H8: =SUMIFS(Source_Evolution!$K$3:$K$731,Source_Evolution!$D$3:$D$731,"France") | I8: =SUMIFS(Source_Evolution!$L$3:$L$731,Source_Evolution!$D$3:$D$731,"France") | J8: =SUMIFS(Source_Evolution!$M$3:$M$731,Source_Evolution!$D$3:$D$731,"France") | K8: =SUMIFS(Source_Evolution!$N$3:$N$731,Source_Evolution!$D$3:$D$731,"France") | L8: =SUMIFS(Source_Evolution!$O$3:$O$731,Source_Evolution!$D$3:$D$731,"France") | M8: =SUMIFS(Source_Evolution!$P$3:$P$731,Source_Evolution!$D$3:$D$731,"France") | N8: =SUMIFS(Source_Evolution!$Q$3:$Q$731,Source_Evolution!$D$3:$D$731,"France") | O8: =IFERROR((N8/B8)^(1/12)-1,"-") | P8: =IFERROR(N8/N$28,"-")
A9: Germany | B9: =SUMIFS(Source_Evolution!$E$3:$E$731,Source_Evolution!$D$3:$D$731,"Germany") | C9: =SUMIFS(Source_Evolution!$F$3:$F$731,Source_Evolution!$D$3:$D$731,"Germany") | D9: =SUMIFS(Source_Evolution!$G$3:$G$731,Source_Evolution!$D$3:$D$731,"Germany") | E9: =SUMIFS(Source_Evolution!$H$3:$H$731,Source_Evolution!$D$3:$D$731,"Germany") | F9: =SUMIFS(Source_Evolution!$I$3:$I$731,Source_Evolution!$D$3:$D$731,"Germany") | G9: =SUMIFS(Source_Evolution!$J$3:$J$731,Source_Evolution!$D$3:$D$731,"Germany") | H9: =SUMIFS(Source_Evolution!$K$3:$K$731,Source_Evolution!$D$3:$D$731,"Germany") | I9: =SUMIFS(Source_Evolution!$L$3:$L$731,Source_Evolution!$D$3:$D$731,"Germany") | J9: =SUMIFS(Source_Evolution!$M$3:$M$731,Source_Evolution!$D$3:$D$731,"Germany") | K9: =SUMIFS(Source_Evolution!$N$3:$N$731,Source_Evolution!$D$3:$D$731,"Germany") | L9: =SUMIFS(Source_Evolution!$O$3:$O$731,Source_Evolution!$D$3:$D$731,"Germany") | M9: =SUMIFS(Source_Evolution!$P$3:$P$731,Source_Evolution!$D$3:$D$731,"Germany") | N9: =SUMIFS(Source_Evolution!$Q$3:$Q$731,Source_Evolution!$D$3:$D$731,"Germany") | O9: =IFERROR((N9/B9)^(1/12)-1,"-") | P9: =IFERROR(N9/N$28,"-")
A10: Hungary | B10: =SUMIFS(Source_Evolution!$E$3:$E$731,Source_Evolution!$D$3:$D$731,"Hungary") | C10: =SUMIFS(Source_Evolution!$F$3:$F$731,Source_Evolution!$D$3:$D$731,"Hungary") | D10: =SUMIFS(Source_Evolution!$G$3:$G$731,Source_Evolution!$D$3:$D$731,"Hungary") | E10: =SUMIFS(Source_Evolution!$H$3:$H$731,Source_Evolution!$D$3:$D$731,"Hungary") | F10: =SUMIFS(Source_Evolution!$I$3:$I$731,Source_Evolution!$D$3:$D$731,"Hungary") | G10: =SUMIFS(Source_Evolution!$J$3:$J$731,Source_Evolution!$D$3:$D$731,"Hungary") | H10: =SUMIFS(Source_Evolution!$K$3:$K$731,Source_Evolution!$D$3:$D$731,"Hungary") | I10: =SUMIFS(Source_Evolution!$L$3:$L$731,Source_Evolution!$D$3:$D$731,"Hungary") | J10: =SUMIFS(Source_Evolution!$M$3:$M$731,Source_Evolution!$D$3:$D$731,"Hungary") | K10: =SUMIFS(Source_Evolution!$N$3:$N$731,Source_Evolution!$D$3:$D$731,"Hungary") | L10: =SUMIFS(Source_Evolution!$O$3:$O$731,Source_Evolution!$D$3:$D$731,"Hungary") | M10: =SUMIFS(Source_Evolution!$P$3:$P$731,Source_Evolution!$D$3:$D$731,"Hungary") | N10: =SUMIFS(Source_Evolution!$Q$3:$Q$731,Source_Evolution!$D$3:$D$731,"Hungary") | O10: =IFERROR((N10/B10)^(1/12)-1,"-") | P10: =IFERROR(N10/N$28,"-")
A11: Ireland | B11: =SUMIFS(Source_Evolution!$E$3:$E$731,Source_Evolution!$D$3:$D$731,"Ireland") | C11: =SUMIFS(Source_Evolution!$F$3:$F$731,Source_Evolution!$D$3:$D$731,"Ireland") | D11: =SUMIFS(Source_Evolution!$G$3:$G$731,Source_Evolution!$D$3:$D$731,"Ireland") | E11: =SUMIFS(Source_Evolution!$H$3:$H$731,Source_Evolution!$D$3:$D$731,"Ireland") | F11: =SUMIFS(Source_Evolution!$I$3:$I$731,Source_Evolution!$D$3:$D$731,"Ireland") | G11: =SUMIFS(Source_Evolution!$J$3:$J$731,Source_Evolution!$D$3:$D$731,"Ireland") | H11: =SUMIFS(Source_Evolution!$K$3:$K$731,Source_Evolution!$D$3:$D$731,"Ireland") | I11: =SUMIFS(Source_Evolution!$L$3:$L$731,Source_Evolution!$D$3:$D$731,"Ireland") | J11: =SUMIFS(Source_Evolution!$M$3:$M$731,Source_Evolution!$D$3:$D$731,"Ireland") | K11: =SUMIFS(Source_Evolution!$N$3:$N$731,Source_Evolution!$D$3:$D$731,"Ireland") | L11: =SUMIFS(Source_Evolution!$O$3:$O$731,Source_Evolution!$D$3:$D$731,"Ireland") | M11: =SUMIFS(Source_Evolution!$P$3:$P$731,Source_Evolution!$D$3:$D$731,"Ireland") | N11: =SUMIFS(Source_Evolution!$Q$3:$Q$731,Source_Evolution!$D$3:$D$731,"Ireland") | O11: =IFERROR((N11/B11)^(1/12)-1,"-") | P11: =IFERROR(N11/N$28,"-")
A12: Isle of Man | B12: =SUMIFS(Source_Evolution!$E$3:$E$731,Source_Evolution!$D$3:$D$731,"Isle of Man") | C12: =SUMIFS(Source_Evolution!$F$3:$F$731,Source_Evolution!$D$3:$D$731,"Isle of Man") | D12: =SUMIFS(Source_Evolution!$G$3:$G$731,Source_Evolution!$D$3:$D$731,"Isle of Man") | E12: =SUMIFS(Source_Evolution!$H$3:$H$731,Source_Evolution!$D$3:$D$731,"Isle of Man") | F12: =SUMIFS(Source_Evolution!$I$3:$I$731,Source_Evolution!$D$3:$D$731,"Isle of Man") | G12: =SUMIFS(Source_Evolution!$J$3:$J$731,Source_Evolution!$D$3:$D$731,"Isle of Man") | H12: =SUMIFS(Source_Evolution!$K$3:$K$731,Source_Evolution!$D$3:$D$731,"Isle of Man") | I12: =SUMIFS(Source_Evolution!$L$3:$L$731,Source_Evolution!$D$3:$D$731,"Isle of Man") | J12: =SUMIFS(Source_Evolution!$M$3:$M$731,Source_Evolution!$D$3:$D$731,"Isle of Man") | K12: =SUMIFS(Source_Evolution!$N$3:$N$731,Source_Evolution!$D$3:$D$731,"Isle of Man") | L12: =SUMIFS(Source_Evolution!$O$3:$O$731,Source_Evolution!$D$3:$D$731,"Isle of Man") | M12: =SUMIFS(Source_Evolution!$P$3:$P$731,Source_Evolution!$D$3:$D$731,"Isle of Man") | N12: =SUMIFS(Source_Evolution!$Q$3:$Q$731,Source_Evolution!$D$3:$D$731,"Isle of Man") | O12: =IFERROR((N12/B12)^(1/12)-1,"-") | P12: =IFERROR(N12/N$28,"-")
A13: Italy | B13: =SUMIFS(Source_Evolution!$E$3:$E$731,Source_Evolution!$D$3:$D$731,"Italy") | C13: =SUMIFS(Source_Evolution!$F$3:$F$731,Source_Evolution!$D$3:$D$731,"Italy") | D13: =SUMIFS(Source_Evolution!$G$3:$G$731,Source_Evolution!$D$3:$D$731,"Italy") | E13: =SUMIFS(Source_Evolution!$H$3:$H$731,Source_Evolution!$D$3:$D$731,"Italy") | F13: =SUMIFS(Source_Evolution!$I$3:$I$731,Source_Evolution!$D$3:$D$731,"Italy") | G13: =SUMIFS(Source_Evolution!$J$3:$J$731,Source_Evolution!$D$3:$D$731,"Italy") | H13: =SUMIFS(Source_Evolution!$K$3:$K$731,Source_Evolution!$D$3:$D$731,"Italy") | I13: =SUMIFS(Source_Evolution!$L$3:$L$731,Source_Evolution!$D$3:$D$731,"Italy") | J13: =SUMIFS(Source_Evolution!$M$3:$M$731,Source_Evolution!$D$3:$D$731,"Italy") | K13: =SUMIFS(Source_Evolution!$N$3:$N$731,Source_Evolution!$D$3:$D$731,"Italy") | L13: =SUMIFS(Source_Evolution!$O$3:$O$731,Source_Evolution!$D$3:$D$731,"Italy") | M13: =SUMIFS(Source_Evolution!$P$3:$P$731,Source_Evolution!$D$3:$D$731,"Italy") | N13: =SUMIFS(Source_Evolution!$Q$3:$Q$731,Source_Evolution!$D$3:$D$731,"Italy") | O13: =IFERROR((N13/B13)^(1/12)-1,"-") | P13: =IFERROR(N13/N$28,"-")
A14: Luxembourg | B14: =SUMIFS(Source_Evolution!$E$3:$E$731,Source_Evolution!$D$3:$D$731,"Luxembourg") | C14: =SUMIFS(Source_Evolution!$F$3:$F$731,Source_Evolution!$D$3:$D$731,"Luxembourg") | D14: =SUMIFS(Source_Evolution!$G$3:$G$731,Source_Evolution!$D$3:$D$731,"Luxembourg") | E14: =SUMIFS(Source_Evolution!$H$3:$H$731,Source_Evolution!$D$3:$D$731,"Luxembourg") | F14: =SUMIFS(Source_Evolution!$I$3:$I$731,Source_Evolution!$D$3:$D$731,"Luxembourg") | G14: =SUMIFS(Source_Evolution!$J$3:$J$731,Source_Evolution!$D$3:$D$731,"Luxembourg") | H14: =SUMIFS(Source_Evolution!$K$3:$K$731,Source_Evolution!$D$3:$D$731,"Luxembourg") | I14: =SUMIFS(Source_Evolution!$L$3:$L$731,Source_Evolution!$D$3:$D$731,"Luxembourg") | J14: =SUMIFS(Source_Evolution!$M$3:$M$731,Source_Evolution!$D$3:$D$731,"Luxembourg") | K14: =SUMIFS(Source_Evolution!$N$3:$N$731,Source_Evolution!$D$3:$D$731,"Luxembourg") | L14: =SUMIFS(Source_Evolution!$O$3:$O$731,Source_Evolution!$D$3:$D$731,"Luxembourg") | M14: =SUMIFS(Source_Evolution!$P$3:$P$731,Source_Evolution!$D$3:$D$731,"Luxembourg") | N14: =SUMIFS(Source_Evolution!$Q$3:$Q$731,Source_Evolution!$D$3:$D$731,"Luxembourg") | O14: =IFERROR((N14/B14)^(1/12)-1,"-") | P14: =IFERROR(N14/N$28,"-")
A15: Malta | B15: =SUMIFS(Source_Evolution!$E$3:$E$731,Source_Evolution!$D$3:$D$731,"Malta") | C15: =SUMIFS(Source_Evolution!$F$3:$F$731,Source_Evolution!$D$3:$D$731,"Malta") | D15: =SUMIFS(Source_Evolution!$G$3:$G$731,Source_Evolution!$D$3:$D$731,"Malta") | E15: =SUMIFS(Source_Evolution!$H$3:$H$731,Source_Evolution!$D$3:$D$731,"Malta") | F15: =SUMIFS(Source_Evolution!$I$3:$I$731,Source_Evolution!$D$3:$D$731,"Malta") | G15: =SUMIFS(Source_Evolution!$J$3:$J$731,Source_Evolution!$D$3:$D$731,"Malta") | H15: =SUMIFS(Source_Evolution!$K$3:$K$731,Source_Evolution!$D$3:$D$731,"Malta") | I15: =SUMIFS(Source_Evolution!$L$3:$L$731,Source_Evolution!$D$3:$D$731,"Malta") | J15: =SUMIFS(Source_Evolution!$M$3:$M$731,Source_Evolution!$D$3:$D$731,"Malta") | K15: =SUMIFS(Source_Evolution!$N$3:$N$731,Source_Evolution!$D$3:$D$731,"Malta") | L15: =SUMIFS(Source_Evolution!$O$3:$O$731,Source_Evolution!$D$3:$D$731,"Malta") | M15: =SUMIFS(Source_Evolution!$P$3:$P$731,Source_Evolution!$D$3:$D$731,"Malta") | N15: =SUMIFS(Source_Evolution!$Q$3:$Q$731,Source_Evolution!$D$3:$D$731,"Malta") | O15: =IFERROR((N15/B15)^(1/12)-1,"-") | P15: =IFERROR(N15/N$28,"-")
A16: Netherlands | B16: =SUMIFS(Source_Evolution!$E$3:$E$731,Source_Evolution!$D$3:$D$731,"Netherlands") | C16: =SUMIFS(Source_Evolution!$F$3:$F$731,Source_Evolution!$D$3:$D$731,"Netherlands") | D16: =SUMIFS(Source_Evolution!$G$3:$G$731,Source_Evolution!$D$3:$D$731,"Netherlands") | E16: =SUMIFS(Source_Evolution!$H$3:$H$731,Source_Evolution!$D$3:$D$731,"Netherlands") | F16: =SUMIFS(Source_Evolution!$I$3:$I$731,Source_Evolution!$D$3:$D$731,"Netherlands") | G16: =SUMIFS(Source_Evolution!$J$3:$J$731,Source_Evolution!$D$3:$D$731,"Netherlands") | H16: =SUMIFS(Source_Evolution!$K$3:$K$731,Source_Evolution!$D$3:$D$731,"Netherlands") | I16: =SUMIFS(Source_Evolution!$L$3:$L$731,Source_Evolution!$D$3:$D$731,"Netherlands") | J16: =SUMIFS(Source_Evolution!$M$3:$M$731,Source_Evolution!$D$3:$D$731,"Netherlands") | K16: =SUMIFS(Source_Evolution!$N$3:$N$731,Source_Evolution!$D$3:$D$731,"Netherlands") | L16: =SUMIFS(Source_Evolution!$O$3:$O$731,Source_Evolution!$D$3:$D$731,"Netherlands") | M16: =SUMIFS(Source_Evolution!$P$3:$P$731,Source_Evolution!$D$3:$D$731,"Netherlands") | N16: =SUMIFS(Source_Evolution!$Q$3:$Q$731,Source_Evolution!$D$3:$D$731,"Netherlands") | O16: =IFERROR((N16/B16)^(1/12)-1,"-") | P16: =IFERROR(N16/N$28,"-")
A17: Norway | B17: =SUMIFS(Source_Evolution!$E$3:$E$731,Source_Evolution!$D$3:$D$731,"Norway") | C17: =SUMIFS(Source_Evolution!$F$3:$F$731,Source_Evolution!$D$3:$D$731,"Norway") | D17: =SUMIFS(Source_Evolution!$G$3:$G$731,Source_Evolution!$D$3:$D$731,"Norway") | E17: =SUMIFS(Source_Evolution!$H$3:$H$731,Source_Evolution!$D$3:$D$731,"Norway") | F17: =SUMIFS(Source_Evolution!$I$3:$I$731,Source_Evolution!$D$3:$D$731,"Norway") | G17: =SUMIFS(Source_Evolution!$J$3:$J$731,Source_Evolution!$D$3:$D$731,"Norway") | H17: =SUMIFS(Source_Evolution!$K$3:$K$731,Source_Evolution!$D$3:$D$731,"Norway") | I17: =SUMIFS(Source_Evolution!$L$3:$L$731,Source_Evolution!$D$3:$D$731,"Norway") | J17: =SUMIFS(Source_Evolution!$M$3:$M$731,Source_Evolution!$D$3:$D$731,"Norway") | K17: =SUMIFS(Source_Evolution!$N$3:$N$731,Source_Evolution!$D$3:$D$731,"Norway") | L17: =SUMIFS(Source_Evolution!$O$3:$O$731,Source_Evolution!$D$3:$D$731,"Norway") | M17: =SUMIFS(Source_Evolution!$P$3:$P$731,Source_Evolution!$D$3:$D$731,"Norway") | N17: =SUMIFS(Source_Evolution!$Q$3:$Q$731,Source_Evolution!$D$3:$D$731,"Norway") | O17: =IFERROR((N17/B17)^(1/12)-1,"-") | P17: =IFERROR(N17/N$28,"-")
A18: Poland | B18: =SUMIFS(Source_Evolution!$E$3:$E$731,Source_Evolution!$D$3:$D$731,"Poland") | C18: =SUMIFS(Source_Evolution!$F$3:$F$731,Source_Evolution!$D$3:$D$731,"Poland") | D18: =SUMIFS(Source_Evolution!$G$3:$G$731,Source_Evolution!$D$3:$D$731,"Poland") | E18: =SUMIFS(Source_Evolution!$H$3:$H$731,Source_Evolution!$D$3:$D$731,"Poland") | F18: =SUMIFS(Source_Evolution!$I$3:$I$731,Source_Evolution!$D$3:$D$731,"Poland") | G18: =SUMIFS(Source_Evolution!$J$3:$J$731,Source_Evolution!$D$3:$D$731,"Poland") | H18: =SUMIFS(Source_Evolution!$K$3:$K$731,Source_Evolution!$D$3:$D$731,"Poland") | I18: =SUMIFS(Source_Evolution!$L$3:$L$731,Source_Evolution!$D$3:$D$731,"Poland") | J18: =SUMIFS(Source_Evolution!$M$3:$M$731,Source_Evolution!$D$3:$D$731,"Poland") | K18: =SUMIFS(Source_Evolution!$N$3:$N$731,Source_Evolution!$D$3:$D$731,"Poland") | L18: =SUMIFS(Source_Evolution!$O$3:$O$731,Source_Evolution!$D$3:$D$731,"Poland") | M18: =SUMIFS(Source_Evolution!$P$3:$P$731,Source_Evolution!$D$3:$D$731,"Poland") | N18: =SUMIFS(Source_Evolution!$Q$3:$Q$731,Source_Evolution!$D$3:$D$731,"Poland") | O18: =IFERROR((N18/B18)^(1/12)-1,"-") | P18: =IFERROR(N18/N$28,"-")
A19: Portugal | B19: =SUMIFS(Source_Evolution!$E$3:$E$731,Source_Evolution!$D$3:$D$731,"Portugal") | C19: =SUMIFS(Source_Evolution!$F$3:$F$731,Source_Evolution!$D$3:$D$731,"Portugal") | D19: =SUMIFS(Source_Evolution!$G$3:$G$731,Source_Evolution!$D$3:$D$731,"Portugal") | E19: =SUMIFS(Source_Evolution!$H$3:$H$731,Source_Evolution!$D$3:$D$731,"Portugal") | F19: =SUMIFS(Source_Evolution!$I$3:$I$731,Source_Evolution!$D$3:$D$731,"Portugal") | G19: =SUMIFS(Source_Evolution!$J$3:$J$731,Source_Evolution!$D$3:$D$731,"Portugal") | H19: =SUMIFS(Source_Evolution!$K$3:$K$731,Source_Evolution!$D$3:$D$731,"Portugal") | I19: =SUMIFS(Source_Evolution!$L$3:$L$731,Source_Evolution!$D$3:$D$731,"Portugal") | J19: =SUMIFS(Source_Evolution!$M$3:$M$731,Source_Evolution!$D$3:$D$731,"Portugal") | K19: =SUMIFS(Source_Evolution!$N$3:$N$731,Source_Evolution!$D$3:$D$731,"Portugal") | L19: =SUMIFS(Source_Evolution!$O$3:$O$731,Source_Evolution!$D$3:$D$731,"Portugal") | M19: =SUMIFS(Source_Evolution!$P$3:$P$731,Source_Evolution!$D$3:$D$731,"Portugal") | N19: =SUMIFS(Source_Evolution!$Q$3:$Q$731,Source_Evolution!$D$3:$D$731,"Portugal") | O19: =IFERROR((N19/B19)^(1/12)-1,"-") | P19: =IFERROR(N19/N$28,"-")
A20: Qatar | B20: =SUMIFS(Source_Evolution!$E$3:$E$731,Source_Evolution!$D$3:$D$731,"Qatar") | C20: =SUMIFS(Source_Evolution!$F$3:$F$731,Source_Evolution!$D$3:$D$731,"Qatar") | D20: =SUMIFS(Source_Evolution!$G$3:$G$731,Source_Evolution!$D$3:$D$731,"Qatar") | E20: =SUMIFS(Source_Evolution!$H$3:$H$731,Source_Evolution!$D$3:$D$731,"Qatar") | F20: =SUMIFS(Source_Evolution!$I$3:$I$731,Source_Evolution!$D$3:$D$731,"Qatar") | G20: =SUMIFS(Source_Evolution!$J$3:$J$731,Source_Evolution!$D$3:$D$731,"Qatar") | H20: =SUMIFS(Source_Evolution!$K$3:$K$731,Source_Evolution!$D$3:$D$731,"Qatar") | I20: =SUMIFS(Source_Evolution!$L$3:$L$731,Source_Evolution!$D$3:$D$731,"Qatar") | J20: =SUMIFS(Source_Evolution!$M$3:$M$731,Source_Evolution!$D$3:$D$731,"Qatar") | K20: =SUMIFS(Source_Evolution!$N$3:$N$731,Source_Evolution!$D$3:$D$731,"Qatar") | L20: =SUMIFS(Source_Evolution!$O$3:$O$731,Source_Evolution!$D$3:$D$731,"Qatar") | M20: =SUMIFS(Source_Evolution!$P$3:$P$731,Source_Evolution!$D$3:$D$731,"Qatar") | N20: =SUMIFS(Source_Evolution!$Q$3:$Q$731,Source_Evolution!$D$3:$D$731,"Qatar") | O20: =IFERROR((N20/B20)^(1/12)-1,"-") | P20: =IFERROR(N20/N$28,"-")
A21: Singapore | B21: =SUMIFS(Source_Evolution!$E$3:$E$731,Source_Evolution!$D$3:$D$731,"Singapore") | C21: =SUMIFS(Source_Evolution!$F$3:$F$731,Source_Evolution!$D$3:$D$731,"Singapore") | D21: =SUMIFS(Source_Evolution!$G$3:$G$731,Source_Evolution!$D$3:$D$731,"Singapore") | E21: =SUMIFS(Source_Evolution!$H$3:$H$731,Source_Evolution!$D$3:$D$731,"Singapore") | F21: =SUMIFS(Source_Evolution!$I$3:$I$731,Source_Evolution!$D$3:$D$731,"Singapore") | G21: =SUMIFS(Source_Evolution!$J$3:$J$731,Source_Evolution!$D$3:$D$731,"Singapore") | H21: =SUMIFS(Source_Evolution!$K$3:$K$731,Source_Evolution!$D$3:$D$731,"Singapore") | I21: =SUMIFS(Source_Evolution!$L$3:$L$731,Source_Evolution!$D$3:$D$731,"Singapore") | J21: =SUMIFS(Source_Evolution!$M$3:$M$731,Source_Evolution!$D$3:$D$731,"Singapore") | K21: =SUMIFS(Source_Evolution!$N$3:$N$731,Source_Evolution!$D$3:$D$731,"Singapore") | L21: =SUMIFS(Source_Evolution!$O$3:$O$731,Source_Evolution!$D$3:$D$731,"Singapore") | M21: =SUMIFS(Source_Evolution!$P$3:$P$731,Source_Evolution!$D$3:$D$731,"Singapore") | N21: =SUMIFS(Source_Evolution!$Q$3:$Q$731,Source_Evolution!$D$3:$D$731,"Singapore") | O21: =IFERROR((N21/B21)^(1/12)-1,"-") | P21: =IFERROR(N21/N$28,"-")
A22: Slovenia | B22: =SUMIFS(Source_Evolution!$E$3:$E$731,Source_Evolution!$D$3:$D$731,"Slovenia") | C22: =SUMIFS(Source_Evolution!$F$3:$F$731,Source_Evolution!$D$3:$D$731,"Slovenia") | D22: =SUMIFS(Source_Evolution!$G$3:$G$731,Source_Evolution!$D$3:$D$731,"Slovenia") | E22: =SUMIFS(Source_Evolution!$H$3:$H$731,Source_Evolution!$D$3:$D$731,"Slovenia") | F22: =SUMIFS(Source_Evolution!$I$3:$I$731,Source_Evolution!$D$3:$D$731,"Slovenia") | G22: =SUMIFS(Source_Evolution!$J$3:$J$731,Source_Evolution!$D$3:$D$731,"Slovenia") | H22: =SUMIFS(Source_Evolution!$K$3:$K$731,Source_Evolution!$D$3:$D$731,"Slovenia") | I22: =SUMIFS(Source_Evolution!$L$3:$L$731,Source_Evolution!$D$3:$D$731,"Slovenia") | J22: =SUMIFS(Source_Evolution!$M$3:$M$731,Source_Evolution!$D$3:$D$731,"Slovenia") | K22: =SUMIFS(Source_Evolution!$N$3:$N$731,Source_Evolution!$D$3:$D$731,"Slovenia") | L22: =SUMIFS(Source_Evolution!$O$3:$O$731,Source_Evolution!$D$3:$D$731,"Slovenia") | M22: =SUMIFS(Source_Evolution!$P$3:$P$731,Source_Evolution!$D$3:$D$731,"Slovenia") | N22: =SUMIFS(Source_Evolution!$Q$3:$Q$731,Source_Evolution!$D$3:$D$731,"Slovenia") | O22: =IFERROR((N22/B22)^(1/12)-1,"-") | P22: =IFERROR(N22/N$28,"-")
A23: Spain | B23: =SUMIFS(Source_Evolution!$E$3:$E$731,Source_Evolution!$D$3:$D$731,"Spain") | C23: =SUMIFS(Source_Evolution!$F$3:$F$731,Source_Evolution!$D$3:$D$731,"Spain") | D23: =SUMIFS(Source_Evolution!$G$3:$G$731,Source_Evolution!$D$3:$D$731,"Spain") | E23: =SUMIFS(Source_Evolution!$H$3:$H$731,Source_Evolution!$D$3:$D$731,"Spain") | F23: =SUMIFS(Source_Evolution!$I$3:$I$731,Source_Evolution!$D$3:$D$731,"Spain") | G23: =SUMIFS(Source_Evolution!$J$3:$J$731,Source_Evolution!$D$3:$D$731,"Spain") | H23: =SUMIFS(Source_Evolution!$K$3:$K$731,Source_Evolution!$D$3:$D$731,"Spain") | I23: =SUMIFS(Source_Evolution!$L$3:$L$731,Source_Evolution!$D$3:$D$731,"Spain") | J23: =SUMIFS(Source_Evolution!$M$3:$M$731,Source_Evolution!$D$3:$D$731,"Spain") | K23: =SUMIFS(Source_Evolution!$N$3:$N$731,Source_Evolution!$D$3:$D$731,"Spain") | L23: =SUMIFS(Source_Evolution!$O$3:$O$731,Source_Evolution!$D$3:$D$731,"Spain") | M23: =SUMIFS(Source_Evolution!$P$3:$P$731,Source_Evolution!$D$3:$D$731,"Spain") | N23: =SUMIFS(Source_Evolution!$Q$3:$Q$731,Source_Evolution!$D$3:$D$731,"Spain") | O23: =IFERROR((N23/B23)^(1/12)-1,"-") | P23: =IFERROR(N23/N$28,"-")
A24: Sweden | B24: =SUMIFS(Source_Evolution!$E$3:$E$731,Source_Evolution!$D$3:$D$731,"Sweden") | C24: =SUMIFS(Source_Evolution!$F$3:$F$731,Source_Evolution!$D$3:$D$731,"Sweden") | D24: =SUMIFS(Source_Evolution!$G$3:$G$731,Source_Evolution!$D$3:$D$731,"Sweden") | E24: =SUMIFS(Source_Evolution!$H$3:$H$731,Source_Evolution!$D$3:$D$731,"Sweden") | F24: =SUMIFS(Source_Evolution!$I$3:$I$731,Source_Evolution!$D$3:$D$731,"Sweden") | G24: =SUMIFS(Source_Evolution!$J$3:$J$731,Source_Evolution!$D$3:$D$731,"Sweden") | H24: =SUMIFS(Source_Evolution!$K$3:$K$731,Source_Evolution!$D$3:$D$731,"Sweden") | I24: =SUMIFS(Source_Evolution!$L$3:$L$731,Source_Evolution!$D$3:$D$731,"Sweden") | J24: =SUMIFS(Source_Evolution!$M$3:$M$731,Source_Evolution!$D$3:$D$731,"Sweden") | K24: =SUMIFS(Source_Evolution!$N$3:$N$731,Source_Evolution!$D$3:$D$731,"Sweden") | L24: =SUMIFS(Source_Evolution!$O$3:$O$731,Source_Evolution!$D$3:$D$731,"Sweden") | M24: =SUMIFS(Source_Evolution!$P$3:$P$731,Source_Evolution!$D$3:$D$731,"Sweden") | N24: =SUMIFS(Source_Evolution!$Q$3:$Q$731,Source_Evolution!$D$3:$D$731,"Sweden") | O24: =IFERROR((N24/B24)^(1/12)-1,"-") | P24: =IFERROR(N24/N$28,"-")
A25: Switzerland | B25: =SUMIFS(Source_Evolution!$E$3:$E$731,Source_Evolution!$D$3:$D$731,"Switzerland") | C25: =SUMIFS(Source_Evolution!$F$3:$F$731,Source_Evolution!$D$3:$D$731,"Switzerland") | D25: =SUMIFS(Source_Evolution!$G$3:$G$731,Source_Evolution!$D$3:$D$731,"Switzerland") | E25: =SUMIFS(Source_Evolution!$H$3:$H$731,Source_Evolution!$D$3:$D$731,"Switzerland") | F25: =SUMIFS(Source_Evolution!$I$3:$I$731,Source_Evolution!$D$3:$D$731,"Switzerland") | G25: =SUMIFS(Source_Evolution!$J$3:$J$731,Source_Evolution!$D$3:$D$731,"Switzerland") | H25: =SUMIFS(Source_Evolution!$K$3:$K$731,Source_Evolution!$D$3:$D$731,"Switzerland") | I25: =SUMIFS(Source_Evolution!$L$3:$L$731,Source_Evolution!$D$3:$D$731,"Switzerland") | J25: =SUMIFS(Source_Evolution!$M$3:$M$731,Source_Evolution!$D$3:$D$731,"Switzerland") | K25: =SUMIFS(Source_Evolution!$N$3:$N$731,Source_Evolution!$D$3:$D$731,"Switzerland") | L25: =SUMIFS(Source_Evolution!$O$3:$O$731,Source_Evolution!$D$3:$D$731,"Switzerland") | M25: =SUMIFS(Source_Evolution!$P$3:$P$731,Source_Evolution!$D$3:$D$731,"Switzerland") | N25: =SUMIFS(Source_Evolution!$Q$3:$Q$731,Source_Evolution!$D$3:$D$731,"Switzerland") | O25: =IFERROR((N25/B25)^(1/12)-1,"-") | P25: =IFERROR(N25/N$28,"-")
A26: UK | B26: =SUMIFS(Source_Evolution!$E$3:$E$731,Source_Evolution!$D$3:$D$731,"UK") | C26: =SUMIFS(Source_Evolution!$F$3:$F$731,Source_Evolution!$D$3:$D$731,"UK") | D26: =SUMIFS(Source_Evolution!$G$3:$G$731,Source_Evolution!$D$3:$D$731,"UK") | E26: =SUMIFS(Source_Evolution!$H$3:$H$731,Source_Evolution!$D$3:$D$731,"UK") | F26: =SUMIFS(Source_Evolution!$I$3:$I$731,Source_Evolution!$D$3:$D$731,"UK") | G26: =SUMIFS(Source_Evolution!$J$3:$J$731,Source_Evolution!$D$3:$D$731,"UK") | H26: =SUMIFS(Source_Evolution!$K$3:$K$731,Source_Evolution!$D$3:$D$731,"UK") | I26: =SUMIFS(Source_Evolution!$L$3:$L$731,Source_Evolution!$D$3:$D$731,"UK") | J26: =SUMIFS(Source_Evolution!$M$3:$M$731,Source_Evolution!$D$3:$D$731,"UK") | K26: =SUMIFS(Source_Evolution!$N$3:$N$731,Source_Evolution!$D$3:$D$731,"UK") | L26: =SUMIFS(Source_Evolution!$O$3:$O$731,Source_Evolution!$D$3:$D$731,"UK") | M26: =SUMIFS(Source_Evolution!$P$3:$P$731,Source_Evolution!$D$3:$D$731,"UK") | N26: =SUMIFS(Source_Evolution!$Q$3:$Q$731,Source_Evolution!$D$3:$D$731,"UK") | O26: =IFERROR((N26/B26)^(1/12)-1,"-") | P26: =IFERROR(N26/N$28,"-")
A27: USA | B27: =SUMIFS(Source_Evolution!$E$3:$E$731,Source_Evolution!$D$3:$D$731,"USA") | C27: =SUMIFS(Source_Evolution!$F$3:$F$731,Source_Evolution!$D$3:$D$731,"USA") | D27: =SUMIFS(Source_Evolution!$G$3:$G$731,Source_Evolution!$D$3:$D$731,"USA") | E27: =SUMIFS(Source_Evolution!$H$3:$H$731,Source_Evolution!$D$3:$D$731,"USA") | F27: =SUMIFS(Source_Evolution!$I$3:$I$731,Source_Evolution!$D$3:$D$731,"USA") | G27: =SUMIFS(Source_Evolution!$J$3:$J$731,Source_Evolution!$D$3:$D$731,"USA") | H27: =SUMIFS(Source_Evolution!$K$3:$K$731,Source_Evolution!$D$3:$D$731,"USA") | I27: =SUMIFS(Source_Evolution!$L$3:$L$731,Source_Evolution!$D$3:$D$731,"USA") | J27: =SUMIFS(Source_Evolution!$M$3:$M$731,Source_Evolution!$D$3:$D$731,"USA") | K27: =SUMIFS(Source_Evolution!$N$3:$N$731,Source_Evolution!$D$3:$D$731,"USA") | L27: =SUMIFS(Source_Evolution!$O$3:$O$731,Source_Evolution!$D$3:$D$731,"USA") | M27: =SUMIFS(Source_Evolution!$P$3:$P$731,Source_Evolution!$D$3:$D$731,"USA") | N27: =SUMIFS(Source_Evolution!$Q$3:$Q$731,Source_Evolution!$D$3:$D$731,"USA") | O27: =IFERROR((N27/B27)^(1/12)-1,"-") | P27: =IFERROR(N27/N$28,"-")
A28: Total | B28: =SUM(B4:B27) | C28: =SUM(C4:C27) | D28: =SUM(D4:D27) | E28: =SUM(E4:E27) | F28: =SUM(F4:F27) | G28: =SUM(G4:G27) | H28: =SUM(H4:H27) | I28: =SUM(I4:I27) | ... N28: =SUM(N4:N27) | O28: =IFERROR((N28/B28)^(1/12)-1,"-")

Sheet Cohort Analysis
A1: Cohort Analysis — Revenue retention by acquisition vintage (£ GBP)
A2: Cohort = first FY where client had revenue > 0. Cohort year hardcoded in Helper_Clients (col D); revenue = formulas.
A4: Cohort vintage | B4: # Clients | C4: FY2014A | D4: FY2015A | E4: FY2016A | F4: FY2017A | G4: FY2018A | H4: FY2019A | I4: FY2020A | J4: FY2021A | K4: FY2022A | L4: FY2023A | M4: FY2024A | N4: FY2025A | O4: FY2026A
A5: FY2014 | B5: =COUNTIF(Helper_Clients!$D$3:$D$374,2014) | C5: =SUMIFS(Helper_Clients!$E$3:$E$374,Helper_Clients!$D$3:$D$374,2014) | D5: =SUMIFS(Helper_Clients!$F$3:$F$374,Helper_Clients!$D$3:$D$374,2014) | E5: =SUMIFS(Helper_Clients!$G$3:$G$374,Helper_Clients!$D$3:$D$374,2014) | F5: =SUMIFS(Helper_Clients!$H$3:$H$374,Helper_Clients!$D$3:$D$374,2014) | G5: =SUMIFS(Helper_Clients!$I$3:$I$374,Helper_Clients!$D$3:$D$374,2014) | H5: =SUMIFS(Helper_Clients!$J$3:$J$374,Helper_Clients!$D$3:$D$374,2014) | I5: =SUMIFS(Helper_Clients!$K$3:$K$374,Helper_Clients!$D$3:$D$374,2014) | J5: =SUMIFS(Helper_Clients!$L$3:$L$374,Helper_Clients!$D$3:$D$374,2014) | K5: =SUMIFS(Helper_Clients!$M$3:$M$374,Helper_Clients!$D$3:$D$374,2014) | L5: =SUMIFS(Helper_Clients!$N$3:$N$374,Helper_Clients!$D$3:$D$374,2014) | M5: =SUMIFS(Helper_Clients!$O$3:$O$374,Helper_Clients!$D$3:$D$374,2014) | N5: =SUMIFS(Helper_Clients!$P$3:$P$374,Helper_Clients!$D$3:$D$374,2014) | O5: =SUMIFS(Helper_Clients!$Q$3:$Q$374,Helper_Clients!$D$3:$D$374,2014)
A6: FY2015 | B6: =COUNTIF(Helper_Clients!$D$3:$D$374,2015) | C6: - | D6: =SUMIFS(Helper_Clients!$F$3:$F$374,Helper_Clients!$D$3:$D$374,2015) | E6: =SUMIFS(Helper_Clients!$G$3:$G$374,Helper_Clients!$D$3:$D$374,2015) | F6: =SUMIFS(Helper_Clients!$H$3:$H$374,Helper_Clients!$D$3:$D$374,2015) | G6: =SUMIFS(Helper_Clients!$I$3:$I$374,Helper_Clients!$D$3:$D$374,2015) | H6: =SUMIFS(Helper_Clients!$J$3:$J$374,Helper_Clients!$D$3:$D$374,2015) | I6: =SUMIFS(Helper_Clients!$K$3:$K$374,Helper_Clients!$D$3:$D$374,2015) | J6: =SUMIFS(Helper_Clients!$L$3:$L$374,Helper_Clients!$D$3:$D$374,2015) | K6: =SUMIFS(Helper_Clients!$M$3:$M$374,Helper_Clients!$D$3:$D$374,2015) | L6: =SUMIFS(Helper_Clients!$N$3:$N$374,Helper_Clients!$D$3:$D$374,2015) | M6: =SUMIFS(Helper_Clients!$O$3:$O$374,Helper_Clients!$D$3:$D$374,2015) | N6: =SUMIFS(Helper_Clients!$P$3:$P$374,Helper_Clients!$D$3:$D$374,2015) | O6: =SUMIFS(Helper_Clients!$Q$3:$Q$374,Helper_Clients!$D$3:$D$374,2015)
A7: FY2016 | B7: =COUNTIF(Helper_Clients!$D$3:$D$374,2016) | C7: - | D7: - | E7: =SUMIFS(Helper_Clients!$G$3:$G$374,Helper_Clients!$D$3:$D$374,2016) | F7: =SUMIFS(Helper_Clients!$H$3:$H$374,Helper_Clients!$D$3:$D$374,2016) | G7: =SUMIFS(Helper_Clients!$I$3:$I$374,Helper_Clients!$D$3:$D$374,2016) | H7: =SUMIFS(Helper_Clients!$J$3:$J$374,Helper_Clients!$D$3:$D$374,2016) | I7: =SUMIFS(Helper_Clients!$K$3:$K$374,Helper_Clients!$D$3:$D$374,2016) | J7: =SUMIFS(Helper_Clients!$L$3:$L$374,Helper_Clients!$D$3:$D$374,2016) | K7: =SUMIFS(Helper_Clients!$M$3:$M$374,Helper_Clients!$D$3:$D$374,2016) | L7: =SUMIFS(Helper_Clients!$N$3:$N$374,Helper_Clients!$D$3:$D$374,2016) | M7: =SUMIFS(Helper_Clients!$O$3:$O$374,Helper_Clients!$D$3:$D$374,2016) | N7: =SUMIFS(Helper_Clients!$P$3:$P$374,Helper_Clients!$D$3:$D$374,2016) | O7: =SUMIFS(Helper_Clients!$Q$3:$Q$374,Helper_Clients!$D$3:$D$374,2016)
A8: FY2017 | B8: =COUNTIF(Helper_Clients!$D$3:$D$374,2017) | C8: - | D8: - | E8: - | F8: =SUMIFS(Helper_Clients!$H$3:$H$374,Helper_Clients!$D$3:$D$374,2017) | G8: =SUMIFS(Helper_Clients!$I$3:$I$374,Helper_Clients!$D$3:$D$374,2017) | H8: =SUMIFS(Helper_Clients!$J$3:$J$374,Helper_Clients!$D$3:$D$374,2017) | I8: =SUMIFS(Helper_Clients!$K$3:$K$374,Helper_Clients!$D$3:$D$374,2017) | J8: =SUMIFS(Helper_Clients!$L$3:$L$374,Helper_Clients!$D$3:$D$374,2017) | K8: =SUMIFS(Helper_Clients!$M$3:$M$374,Helper_Clients!$D$3:$D$374,2017) | L8: =SUMIFS(Helper_Clients!$N$3:$N$374,Helper_Clients!$D$3:$D$374,2017) | M8: =SUMIFS(Helper_Clients!$O$3:$O$374,Helper_Clients!$D$3:$D$374,2017) | N8: =SUMIFS(Helper_Clients!$P$3:$P$374,Helper_Clients!$D$3:$D$374,2017) | O8: =SUMIFS(Helper_Clients!$Q$3:$Q$374,Helper_Clients!$D$3:$D$374,2017)
A9: FY2018 | B9: =COUNTIF(Helper_Clients!$D$3:$D$374,2018) | C9: - | D9: - | E9: - | F9: - | G9: =SUMIFS(Helper_Clients!$I$3:$I$374,Helper_Clients!$D$3:$D$374,2018) | H9: =SUMIFS(Helper_Clients!$J$3:$J$374,Helper_Clients!$D$3:$D$374,2018) | I9: =SUMIFS(Helper_Clients!$K$3:$K$374,Helper_Clients!$D$3:$D$374,2018) | J9: =SUMIFS(Helper_Clients!$L$3:$L$374,Helper_Clients!$D$3:$D$374,2018) | K9: =SUMIFS(Helper_Clients!$M$3:$M$374,Helper_Clients!$D$3:$D$374,2018) | L9: =SUMIFS(Helper_Clients!$N$3:$N$374,Helper_Clients!$D$3:$D$374,2018) | M9: =SUMIFS(Helper_Clients!$O$3:$O$374,Helper_Clients!$D$3:$D$374,2018) | N9: =SUMIFS(Helper_Clients!$P$3:$P$374,Helper_Clients!$D$3:$D$374,2018) | O9: =SUMIFS(Helper_Clients!$Q$3:$Q$374,Helper_Clients!$D$3:$D$374,2018)
A10: FY2019 | B10: =COUNTIF(Helper_Clients!$D$3:$D$374,2019) | C10: - | D10: - | E10: - | F10: - | G10: - | H10: =SUMIFS(Helper_Clients!$J$3:$J$374,Helper_Clients!$D$3:$D$374,2019) | I10: =SUMIFS(Helper_Clients!$K$3:$K$374,Helper_Clients!$D$3:$D$374,2019) | J10: =SUMIFS(Helper_Clients!$L$3:$L$374,Helper_Clients!$D$3:$D$374,2019) | K10: =SUMIFS(Helper_Clients!$M$3:$M$374,Helper_Clients!$D$3:$D$374,2019) | L10: =SUMIFS(Helper_Clients!$N$3:$N$374,Helper_Clients!$D$3:$D$374,2019) | M10: =SUMIFS(Helper_Clients!$O$3:$O$374,Helper_Clients!$D$3:$D$374,2019) | N10: =SUMIFS(Helper_Clients!$P$3:$P$374,Helper_Clients!$D$3:$D$374,2019) | O10: =SUMIFS(Helper_Clients!$Q$3:$Q$374,Helper_Clients!$D$3:$D$374,2019)
A11: FY2020 | B11: =COUNTIF(Helper_Clients!$D$3:$D$374,2020) | C11: - | D11: - | E11: - | F11: - | G11: - | H11: - | I11: =SUMIFS(Helper_Clients!$K$3:$K$374,Helper_Clients!$D$3:$D$374,2020) | J11: =SUMIFS(Helper_Clients!$L$3:$L$374,Helper_Clients!$D$3:$D$374,2020) | K11: =SUMIFS(Helper_Clients!$M$3:$M$374,Helper_Clients!$D$3:$D$374,2020) | L11: =SUMIFS(Helper_Clients!$N$3:$N$374,Helper_Clients!$D$3:$D$374,2020) | M11: =SUMIFS(Helper_Clients!$O$3:$O$374,Helper_Clients!$D$3:$D$374,2020) | N11: =SUMIFS(Helper_Clients!$P$3:$P$374,Helper_Clients!$D$3:$D$374,2020) | O11: =SUMIFS(Helper_Clients!$Q$3:$Q$374,Helper_Clients!$D$3:$D$374,2020)
A12: FY2021 | B12: =COUNTIF(Helper_Clients!$D$3:$D$374,2021) | C12: - | D12: - | E12: - | F12: - | G12: - | H12: - | I12: - | J12: =SUMIFS(Helper_Clients!$L$3:$L$374,Helper_Clients!$D$3:$D$374,2021) | K12: =SUMIFS(Helper_Clients!$M$3:$M$374,Helper_Clients!$D$3:$D$374,2021) | L12: =SUMIFS(Helper_Clients!$N$3:$N$374,Helper_Clients!$D$3:$D$374,2021) | M12: =SUMIFS(Helper_Clients!$O$3:$O$374,Helper_Clients!$D$3:$D$374,2021) | N12: =SUMIFS(Helper_Clients!$P$3:$P$374,Helper_Clients!$D$3:$D$374,2021) | O12: =SUMIFS(Helper_Clients!$Q$3:$Q$374,Helper_Clients!$D$3:$D$374,2021)
A13: FY2022 | B13: =COUNTIF(Helper_Clients!$D$3:$D$374,2022) | C13: - | D13: - | E13: - | F13: - | G13: - | H13: - | I13: - | J13: - | K13: =SUMIFS(Helper_Clients!$M$3:$M$374,Helper_Clients!$D$3:$D$374,2022) | L13: =SUMIFS(Helper_Clients!$N$3:$N$374,Helper_Clients!$D$3:$D$374,2022) | M13: =SUMIFS(Helper_Clients!$O$3:$O$374,Helper_Clients!$D$3:$D$374,2022) | N13: =SUMIFS(Helper_Clients!$P$3:$P$374,Helper_Clients!$D$3:$D$374,2022) | O13: =SUMIFS(Helper_Clients!$Q$3:$Q$374,Helper_Clients!$D$3:$D$374,2022)
A14: FY2023 | B14: =COUNTIF(Helper_Clients!$D$3:$D$374,2023) | C14: - | D14: - | E14: - | F14: - | G14: - | H14: - | I14: - | J14: - | K14: - | L14: =SUMIFS(Helper_Clients!$N$3:$N$374,Helper_Clients!$D$3:$D$374,2023) | M14: =SUMIFS(Helper_Clients!$O$3:$O$374,Helper_Clients!$D$3:$D$374,2023) | N14: =SUMIFS(Helper_Clients!$P$3:$P$374,Helper_Clients!$D$3:$D$374,2023) | O14: =SUMIFS(Helper_Clients!$Q$3:$Q$374,Helper_Clients!$D$3:$D$374,2023)
A15: FY2024 | B15: =COUNTIF(Helper_Clients!$D$3:$D$374,2024) | C15: - | D15: - | E15: - | F15: - | G15: - | H15: - | I15: - | J15: - | K15: - | L15: - | M15: =SUMIFS(Helper_Clients!$O$3:$O$374,Helper_Clients!$D$3:$D$374,2024) | N15: =SUMIFS(Helper_Clients!$P$3:$P$374,Helper_Clients!$D$3:$D$374,2024) | O15: =SUMIFS(Helper_Clients!$Q$3:$Q$374,Helper_Clients!$D$3:$D$374,2024)
A16: FY2025 | B16: =COUNTIF(Helper_Clients!$D$3:$D$374,2025) | C16: - | D16: - | E16: - | F16: - | G16: - | H16: - | I16: - | J16: - | K16: - | L16: - | M16: - | N16: =SUMIFS(Helper_Clients!$P$3:$P$374,Helper_Clients!$D$3:$D$374,2025) | O16: =SUMIFS(Helper_Clients!$Q$3:$Q$374,Helper_Clients!$D$3:$D$374,2025)
A17: FY2026 | B17: =COUNTIF(Helper_Clients!$D$3:$D$374,2026) | C17: - | D17: - | E17: - | F17: - | G17: - | H17: - | I17: - | J17: - | K17: - | L17: - | M17: - | N17: - | O17: =SUMIFS(Helper_Clients!$Q$3:$Q$374,Helper_Clients!$D$3:$D$374,2026)
A18: Total | B18: =SUM(B5:B17) | C18: =SUM(C5:C17) | D18: =SUM(D5:D17) | E18: =SUM(E5:E17) | F18: =SUM(F5:F17) | G18: =SUM(G5:G17) | H18: =SUM(H5:H17) | I18: =SUM(I5:I17) | ... O18: =SUM(O5:O17)
A21: Cohort revenue indexed to vintage year (= 100)
A22: Cohort vintage | C22: FY2014A | D22: FY2015A | E22: FY2016A | F22: FY2017A | G22: FY2018A | H22: FY2019A | I22: FY2020A | J22: FY2021A | K22: FY2022A | L22: FY2023A | M22: FY2024A | N22: FY2025A | O22: FY2026A
A23: FY2014 | C23: =IFERROR(C5/C5*100,"-") | D23: =IFERROR(D5/C5*100,"-") | E23: =IFERROR(E5/C5*100,"-") | F23: =IFERROR(F5/C5*100,"-") | G23: =IFERROR(G5/C5*100,"-") | H23: =IFERROR(H5/C5*100,"-") | I23: =IFERROR(I5/C5*100,"-") | J23: =IFERROR(J5/C5*100,"-") | K23: =IFERROR(K5/C5*100,"-") | L23: =IFERROR(L5/C5*100,"-") | M23: =IFERROR(M5/C5*100,"-") | N23: =IFERROR(N5/C5*100,"-") | O23: =IFERROR(O5/C5*100,"-")
A24: FY2015 | C24: - | D24: =IFERROR(D6/D6*100,"-") | E24: =IFERROR(E6/D6*100,"-") | F24: =IFERROR(F6/D6*100,"-") | G24: =IFERROR(G6/D6*100,"-") | H24: =IFERROR(H6/D6*100,"-") | I24: =IFERROR(I6/D6*100,"-") | J24: =IFERROR(J6/D6*100,"-") | K24: =IFERROR(K6/D6*100,"-") | L24: =IFERROR(L6/D6*100,"-") | M24: =IFERROR(M6/D6*100,"-") | N24: =IFERROR(N6/D6*100,"-") | O24: =IFERROR(O6/D6*100,"-")
A25: FY2016 | C25: - | D25: - | E25: =IFERROR(E7/E7*100,"-") | F25: =IFERROR(F7/E7*100,"-") | G25: =IFERROR(G7/E7*100,"-") | H25: =IFERROR(H7/E7*100,"-") | I25: =IFERROR(I7/E7*100,"-") | J25: =IFERROR(J7/E7*100,"-") | K25: =IFERROR(K7/E7*100,"-") | L25: =IFERROR(L7/E7*100,"-") | M25: =IFERROR(M7/E7*100,"-") | N25: =IFERROR(N7/E7*100,"-") | O25: =IFERROR(O7/E7*100,"-")
A26: FY2017 | C26: - | D26: - | E26: - | F26: =IFERROR(F8/F8*100,"-") | G26: =IFERROR(G8/F8*100,"-") | H26: =IFERROR(H8/F8*100,"-") | I26: =IFERROR(I8/F8*100,"-") | J26: =IFERROR(J8/F8*100,"-") | K26: =IFERROR(K8/F8*100,"-") | L26: =IFERROR(L8/F8*100,"-") | M26: =IFERROR(M8/F8*100,"-") | N26: =IFERROR(N8/F8*100,"-") | O26: =IFERROR(O8/F8*100,"-")
A27: FY2018 | C27: - | D27: - | E27: - | F27: - | G27: =IFERROR(G9/G9*100,"-") | H27: =IFERROR(H9/G9*100,"-") | I27: =IFERROR(I9/G9*100,"-") | J27: =IFERROR(J9/G9*100,"-") | K27: =IFERROR(K9/G9*100,"-") | L27: =IFERROR(L9/G9*100,"-") | M27: =IFERROR(M9/G9*100,"-") | N27: =IFERROR(N9/G9*100,"-") | O27: =IFERROR(O9/G9*100,"-")
A28: FY2019 | C28: - | D28: - | E28: - | F28: - | G28: - | H28: =IFERROR(H10/H10*100,"-") | I28: =IFERROR(I10/H10*100,"-") | J28: =IFERROR(J10/H10*100,"-") | K28: =IFERROR(K10/H10*100,"-") | L28: =IFERROR(L10/H10*100,"-") | M28: =IFERROR(M10/H10*100,"-") | N28: =IFERROR(N10/H10*100,"-") | O28: =IFERROR(O10/H10*100,"-")
A29: FY2020 | C29: - | D29: - | E29: - | F29: - | G29: - | H29: - | I29: =IFERROR(I11/I11*100,"-") | J29: =IFERROR(J11/I11*100,"-") | K29: =IFERROR(K11/I11*100,"-") | L29: =IFERROR(L11/I11*100,"-") | M29: =IFERROR(M11/I11*100,"-") | N29: =IFERROR(N11/I11*100,"-") | O29: =IFERROR(O11/I11*100,"-")
A30: FY2021 | C30: - | D30: - | E30: - | F30: - | G30: - | H30: - | I30: - | J30: =IFERROR(J12/J12*100,"-") | K30: =IFERROR(K12/J12*100,"-") | L30: =IFERROR(L12/J12*100,"-") | M30: =IFERROR(M12/J12*100,"-") | N30: =IFERROR(N12/J12*100,"-") | O30: =IFERROR(O12/J12*100,"-")
A31: FY2022 | C31: - | D31: - | E31: - | F31: - | G31: - | H31: - | I31: - | J31: - | K31: =IFERROR(K13/K13*100,"-") | L31: =IFERROR(L13/K13*100,"-") | M31: =IFERROR(M13/K13*100,"-") | N31: =IFERROR(N13/K13*100,"-") | O31: =IFERROR(O13/K13*100,"-")
A32: FY2023 | C32: - | D32: - | E32: - | F32: - | G32: - | H32: - | I32: - | J32: - | K32: - | L32: =IFERROR(L14/L14*100,"-") | M32: =IFERROR(M14/L14*100,"-") | N32: =IFERROR(N14/L14*100,"-") | O32: =IFERROR(O14/L14*100,"-")
A33: FY2024 | C33: - | D33: - | E33: - | F33: - | G33: - | H33: - | I33: - | J33: - | K33: - | L33: - | M33: =IFERROR(M15/M15*100,"-") | N33: =IFERROR(N15/M15*100,"-") | O33: =IFERROR(O15/M15*100,"-")
A34: FY2025 | C34: - | D34: - | E34: - | F34: - | G34: - | H34: - | I34: - | J34: - | K34: - | L34: - | M34: - | N34: =IFERROR(N16/N16*100,"-") | O34: =IFERROR(O16/N16*100,"-")
A35: FY2026 | C35: - | D35: - | E35: - | F35: - | G35: - | H35: - | I35: - | J35: - | K35: - | L35: - | M35: - | N35: - | O35: =IFERROR(O17/O17*100,"-")

Sheet Client Dynamics
A1: Client Dynamics — New / Active / Churned (£ GBP)
A2: Active = client with revenue > 0 in the year. New = first FY in this year. Churned = was active in N-1 but not in N.
A4: Metric | B4: FY2014A | C4: FY2015A | D4: FY2016A | E4: FY2017A | F4: FY2018A | G4: FY2019A | H4: FY2020A | I4: FY2021A | J4: FY2022A | K4: FY2023A | L4: FY2024A | M4: FY2025A | N4: FY2026A
A5: # Active clients | B5: =COUNTIF(Helper_Clients!$E$3:$E$374,">0") | C5: =COUNTIF(Helper_Clients!$F$3:$F$374,">0") | D5: =COUNTIF(Helper_Clients!$G$3:$G$374,">0") | E5: =COUNTIF(Helper_Clients!$H$3:$H$374,">0") | F5: =COUNTIF(Helper_Clients!$I$3:$I$374,">0") | G5: =COUNTIF(Helper_Clients!$J$3:$J$374,">0") | H5: =COUNTIF(Helper_Clients!$K$3:$K$374,">0") | I5: =COUNTIF(Helper_Clients!$L$3:$L$374,">0") | J5: =COUNTIF(Helper_Clients!$M$3:$M$374,">0") | K5: =COUNTIF(Helper_Clients!$N$3:$N$374,">0") | L5: =COUNTIF(Helper_Clients!$O$3:$O$374,">0") | M5: =COUNTIF(Helper_Clients!$P$3:$P$374,">0") | N5: =COUNTIF(Helper_Clients!$Q$3:$Q$374,">0")
A6: # New clients | B6: =COUNTIF(Helper_Clients!$D$3:$D$374,2014) | C6: =COUNTIF(Helper_Clients!$D$3:$D$374,2015) | D6: =COUNTIF(Helper_Clients!$D$3:$D$374,2016) | E6: =COUNTIF(Helper_Clients!$D$3:$D$374,2017) | F6: =COUNTIF(Helper_Clients!$D$3:$D$374,2018) | G6: =COUNTIF(Helper_Clients!$D$3:$D$374,2019) | H6: =COUNTIF(Helper_Clients!$D$3:$D$374,2020) | I6: =COUNTIF(Helper_Clients!$D$3:$D$374,2021) | J6: =COUNTIF(Helper_Clients!$D$3:$D$374,2022) | K6: =COUNTIF(Helper_Clients!$D$3:$D$374,2023) | L6: =COUNTIF(Helper_Clients!$D$3:$D$374,2024) | M6: =COUNTIF(Helper_Clients!$D$3:$D$374,2025) | N6: =COUNTIF(Helper_Clients!$D$3:$D$374,2026)
A7: # Churned clients | B7: - | C7: =SUMPRODUCT((Helper_Clients!$E$3:$E$374>0)*(Helper_Clients!$F$3:$F$374=0)) | D7: =SUMPRODUCT((Helper_Clients!$F$3:$F$374>0)*(Helper_Clients!$G$3:$G$374=0)) | E7: =SUMPRODUCT((Helper_Clients!$G$3:$G$374>0)*(Helper_Clients!$H$3:$H$374=0)) | F7: =SUMPRODUCT((Helper_Clients!$H$3:$H$374>0)*(Helper_Clients!$I$3:$I$374=0)) | G7: =SUMPRODUCT((Helper_Clients!$I$3:$I$374>0)*(Helper_Clients!$J$3:$J$374=0)) | H7: =SUMPRODUCT((Helper_Clients!$J$3:$J$374>0)*(Helper_Clients!$K$3:$K$374=0)) | I7: =SUMPRODUCT((Helper_Clients!$K$3:$K$374>0)*(Helper_Clients!$L$3:$L$374=0)) | J7: =SUMPRODUCT((Helper_Clients!$L$3:$L$374>0)*(Helper_Clients!$M$3:$M$374=0)) | K7: =SUMPRODUCT((Helper_Clients!$M$3:$M$374>0)*(Helper_Clients!$N$3:$N$374=0)) | L7: =SUMPRODUCT((Helper_Clients!$N$3:$N$374>0)*(Helper_Clients!$O$3:$O$374=0)) | M7: =SUMPRODUCT((Helper_Clients!$O$3:$O$374>0)*(Helper_Clients!$P$3:$P$374=0)) | N7: =SUMPRODUCT((Helper_Clients!$P$3:$P$374>0)*(Helper_Clients!$Q$3:$Q$374=0))
A8: Net adds (New - Churned) | B8: - | C8: =C6-C7 | D8: =D6-D7 | E8: =E6-E7 | F8: =F6-F7 | G8: =G6-G7 | H8: =H6-H7 | I8: =I6-I7 | J8: =J6-J7 | ... N8: =N6-N7
A10: Logo retention % | B10: - | C10: =IFERROR((C5-C6)/B5,"-") | D10: =IFERROR((D5-D6)/C5,"-") | E10: =IFERROR((E5-E6)/D5,"-") | F10: =IFERROR((F5-F6)/E5,"-") | G10: =IFERROR((G5-G6)/F5,"-") | H10: =IFERROR((H5-H6)/G5,"-") | I10: =IFERROR((I5-I6)/H5,"-") | J10: =IFERROR((J5-J6)/I5,"-") | ... N10: =IFERROR((N5-N6)/M5,"-")
A11: GRR — Same client base (£) | B11: - | C11: =IFERROR(SUMPRODUCT((Helper_Clients!$E$3:$E$374>0)*IF(Helper_Clients!$F$3:$F$374<Helper_Clients!$E$3:$E$374,Helper_Clients!$F$3:$F$374,Helper_Clients!$E$3:$E$374))/SUMIF(Helper_Clients!$E$3:$E$374,">0"),"-") | D11: =IFERROR(SUMPRODUCT((Helper_Clients!$F$3:$F$374>0)*IF(Helper_Clients!$G$3:$G$374<Helper_Clients!$F$3:$F$374,Helper_Clients!$G$3:$G$374,Helper_Clients!$F$3:$F$374))/SUMIF(Helper_Clients!$F$3:$F$374,">0"),"-") | E11: =IFERROR(SUMPRODUCT((Helper_Clients!$G$3:$G$374>0)*IF(Helper_Clients!$H$3:$H$374<Helper_Clients!$G$3:$G$374,Helper_Clients!$H$3:$H$374,Helper_Clients!$G$3:$G$374))/SUMIF(Helper_Clients!$G$3:$G$374,">0"),"-") | F11: =IFERROR(SUMPRODUCT((Helper_Clients!$H$3:$H$374>0)*IF(Helper_Clients!$I$3:$I$374<Helper_Clients!$H$3:$H$374,Helper_Clients!$I$3:$I$374,Helper_Clients!$H$3:$H$374))/SUMIF(Helper_Clients!$H$3:$H$374,">0"),"-") | G11: =IFERROR(SUMPRODUCT((Helper_Clients!$I$3:$I$374>0)*IF(Helper_Clients!$J$3:$J$374<Helper_Clients!$I$3:$I$374,Helper_Clients!$J$3:$J$374,Helper_Clients!$I$3:$I$374))/SUMIF(Helper_Clients!$I$3:$I$374,">0"),"-") | H11: =IFERROR(SUMPRODUCT((Helper_Clients!$J$3:$J$374>0)*IF(Helper_Clients!$K$3:$K$374<Helper_Clients!$J$3:$J$374,Helper_Clients!$K$3:$K$374,Helper_Clients!$J$3:$J$374))/SUMIF(Helper_Clients!$J$3:$J$374,">0"),"-") | I11: =IFERROR(SUMPRODUCT((Helper_Clients!$K$3:$K$374>0)*IF(Helper_Clients!$L$3:$L$374<Helper_Clients!$K$3:$K$374,Helper_Clients!$L$3:$L$374,Helper_Clients!$K$3:$K$374))/SUMIF(Helper_Clients!$K$3:$K$374,">0"),"-") | J11: =IFERROR(SUMPRODUCT((Helper_Clients!$L$3:$L$374>0)*IF(Helper_Clients!$M$3:$M$374<Helper_Clients!$L$3:$L$374,Helper_Clients!$M$3:$M$374,Helper_Clients!$L$3:$L$374))/SUMIF(Helper_Clients!$L$3:$L$374,">0"),"-") | K11: =IFERROR(SUMPRODUCT((Helper_Clients!$M$3:$M$374>0)*IF(Helper_Clients!$N$3:$N$374<Helper_Clients!$M$3:$M$374,Helper_Clients!$N$3:$N$374,Helper_Clients!$M$3:$M$374))/SUMIF(Helper_Clients!$M$3:$M$374,">0"),"-") | L11: =IFERROR(SUMPRODUCT((Helper_Clients!$N$3:$N$374>0)*IF(Helper_Clients!$O$3:$O$374<Helper_Clients!$N$3:$N$374,Helper_Clients!$O$3:$O$374,Helper_Clients!$N$3:$N$374))/SUMIF(Helper_Clients!$N$3:$N$374,">0"),"-") | M11: =IFERROR(SUMPRODUCT((Helper_Clients!$O$3:$O$374>0)*IF(Helper_Clients!$P$3:$P$374<Helper_Clients!$O$3:$O$374,Helper_Clients!$P$3:$P$374,Helper_Clients!$O$3:$O$374))/SUMIF(Helper_Clients!$O$3:$O$374,">0"),"-") | N11: =IFERROR(SUMPRODUCT((Helper_Clients!$P$3:$P$374>0)*IF(Helper_Clients!$Q$3:$Q$374<Helper_Clients!$P$3:$P$374,Helper_Clients!$Q$3:$Q$374,Helper_Clients!$P$3:$P$374))/SUMIF(Helper_Clients!$P$3:$P$374,">0"),"-")
A12: NRR — Same client base, with expansion | B12: - | C12: =IFERROR(SUMPRODUCT((Helper_Clients!$E$3:$E$374>0)*Helper_Clients!$F$3:$F$374)/SUMIF(Helper_Clients!$E$3:$E$374,">0"),"-") | D12: =IFERROR(SUMPRODUCT((Helper_Clients!$F$3:$F$374>0)*Helper_Clients!$G$3:$G$374)/SUMIF(Helper_Clients!$F$3:$F$374,">0"),"-") | E12: =IFERROR(SUMPRODUCT((Helper_Clients!$G$3:$G$374>0)*Helper_Clients!$H$3:$H$374)/SUMIF(Helper_Clients!$G$3:$G$374,">0"),"-") | F12: =IFERROR(SUMPRODUCT((Helper_Clients!$H$3:$H$374>0)*Helper_Clients!$I$3:$I$374)/SUMIF(Helper_Clients!$H$3:$H$374,">0"),"-") | G12: =IFERROR(SUMPRODUCT((Helper_Clients!$I$3:$I$374>0)*Helper_Clients!$J$3:$J$374)/SUMIF(Helper_Clients!$I$3:$I$374,">0"),"-") | H12: =IFERROR(SUMPRODUCT((Helper_Clients!$J$3:$J$374>0)*Helper_Clients!$K$3:$K$374)/SUMIF(Helper_Clients!$J$3:$J$374,">0"),"-") | I12: =IFERROR(SUMPRODUCT((Helper_Clients!$K$3:$K$374>0)*Helper_Clients!$L$3:$L$374)/SUMIF(Helper_Clients!$K$3:$K$374,">0"),"-") | J12: =IFERROR(SUMPRODUCT((Helper_Clients!$L$3:$L$374>0)*Helper_Clients!$M$3:$M$374)/SUMIF(Helper_Clients!$L$3:$L$374,">0"),"-") | K12: =IFERROR(SUMPRODUCT((Helper_Clients!$M$3:$M$374>0)*Helper_Clients!$N$3:$N$374)/SUMIF(Helper_Clients!$M$3:$M$374,">0"),"-") | L12: =IFERROR(SUMPRODUCT((Helper_Clients!$N$3:$N$374>0)*Helper_Clients!$O$3:$O$374)/SUMIF(Helper_Clients!$N$3:$N$374,">0"),"-") | M12: =IFERROR(SUMPRODUCT((Helper_Clients!$O$3:$O$374>0)*Helper_Clients!$P$3:$P$374)/SUMIF(Helper_Clients!$O$3:$O$374,">0"),"-") | N12: =IFERROR(SUMPRODUCT((Helper_Clients!$P$3:$P$374>0)*Helper_Clients!$Q$3:$Q$374)/SUMIF(Helper_Clients!$P$3:$P$374,">0"),"-")
A14: ARPC — Avg revenue per client (£) | B14: =IFERROR(SUM(Helper_Clients!$E$3:$E$374)/COUNTIF(Helper_Clients!$E$3:$E$374,">0"),"-") | C14: =IFERROR(SUM(Helper_Clients!$F$3:$F$374)/COUNTIF(Helper_Clients!$F$3:$F$374,">0"),"-") | D14: =IFERROR(SUM(Helper_Clients!$G$3:$G$374)/COUNTIF(Helper_Clients!$G$3:$G$374,">0"),"-") | E14: =IFERROR(SUM(Helper_Clients!$H$3:$H$374)/COUNTIF(Helper_Clients!$H$3:$H$374,">0"),"-") | F14: =IFERROR(SUM(Helper_Clients!$I$3:$I$374)/COUNTIF(Helper_Clients!$I$3:$I$374,">0"),"-") | G14: =IFERROR(SUM(Helper_Clients!$J$3:$J$374)/COUNTIF(Helper_Clients!$J$3:$J$374,">0"),"-") | H14: =IFERROR(SUM(Helper_Clients!$K$3:$K$374)/COUNTIF(Helper_Clients!$K$3:$K$374,">0"),"-") | I14: =IFERROR(SUM(Helper_Clients!$L$3:$L$374)/COUNTIF(Helper_Clients!$L$3:$L$374,">0"),"-") | J14: =IFERROR(SUM(Helper_Clients!$M$3:$M$374)/COUNTIF(Helper_Clients!$M$3:$M$374,">0"),"-") | K14: =IFERROR(SUM(Helper_Clients!$N$3:$N$374)/COUNTIF(Helper_Clients!$N$3:$N$374,">0"),"-") | L14: =IFERROR(SUM(Helper_Clients!$O$3:$O$374)/COUNTIF(Helper_Clients!$O$3:$O$374,">0"),"-") | M14: =IFERROR(SUM(Helper_Clients!$P$3:$P$374)/COUNTIF(Helper_Clients!$P$3:$P$374,">0"),"-") | N14: =IFERROR(SUM(Helper_Clients!$Q$3:$Q$374)/COUNTIF(Helper_Clients!$Q$3:$Q$374,">0"),"-")

Sheet Client Concentration
A1: Client Concentration — based on FY26A revenue (£ GBP)
A3: Concentration metric | B3: FY2014A | C3: FY2015A | D3: FY2016A | E3: FY2017A | F3: FY2018A | G3: FY2019A | H3: FY2020A | I3: FY2021A | J3: FY2022A | K3: FY2023A | L3: FY2024A | M3: FY2025A | N3: FY2026A
A4: # Active clients (rev > 0) | B4: =COUNTIF(Helper_Clients!$E$3:$E$374,">0") | C4: =COUNTIF(Helper_Clients!$F$3:$F$374,">0") | D4: =COUNTIF(Helper_Clients!$G$3:$G$374,">0") | E4: =COUNTIF(Helper_Clients!$H$3:$H$374,">0") | F4: =COUNTIF(Helper_Clients!$I$3:$I$374,">0") | G4: =COUNTIF(Helper_Clients!$J$3:$J$374,">0") | H4: =COUNTIF(Helper_Clients!$K$3:$K$374,">0") | I4: =COUNTIF(Helper_Clients!$L$3:$L$374,">0") | J4: =COUNTIF(Helper_Clients!$M$3:$M$374,">0") | K4: =COUNTIF(Helper_Clients!$N$3:$N$374,">0") | L4: =COUNTIF(Helper_Clients!$O$3:$O$374,">0") | M4: =COUNTIF(Helper_Clients!$P$3:$P$374,">0") | N4: =COUNTIF(Helper_Clients!$Q$3:$Q$374,">0")
A5: Top 1 client share | B5: =IFERROR(SUMPRODUCT(LARGE(Helper_Clients!$E$3:$E$374,ROW(INDIRECT("1:1"))))/SUM(Helper_Clients!$E$3:$E$374),"-") | C5: =IFERROR(SUMPRODUCT(LARGE(Helper_Clients!$F$3:$F$374,ROW(INDIRECT("1:1"))))/SUM(Helper_Clients!$F$3:$F$374),"-") | D5: =IFERROR(SUMPRODUCT(LARGE(Helper_Clients!$G$3:$G$374,ROW(INDIRECT("1:1"))))/SUM(Helper_Clients!$G$3:$G$374),"-") | E5: =IFERROR(SUMPRODUCT(LARGE(Helper_Clients!$H$3:$H$374,ROW(INDIRECT("1:1"))))/SUM(Helper_Clients!$H$3:$H$374),"-") | F5: =IFERROR(SUMPRODUCT(LARGE(Helper_Clients!$I$3:$I$374,ROW(INDIRECT("1:1"))))/SUM(Helper_Clients!$I$3:$I$374),"-") | G5: =IFERROR(SUMPRODUCT(LARGE(Helper_Clients!$J$3:$J$374,ROW(INDIRECT("1:1"))))/SUM(Helper_Clients!$J$3:$J$374),"-") | H5: =IFERROR(SUMPRODUCT(LARGE(Helper_Clients!$K$3:$K$374,ROW(INDIRECT("1:1"))))/SUM(Helper_Clients!$K$3:$K$374),"-") | I5: =IFERROR(SUMPRODUCT(LARGE(Helper_Clients!$L$3:$L$374,ROW(INDIRECT("1:1"))))/SUM(Helper_Clients!$L$3:$L$374),"-") | J5: =IFERROR(SUMPRODUCT(LARGE(Helper_Clients!$M$3:$M$374,ROW(INDIRECT("1:1"))))/SUM(Helper_Clients!$M$3:$M$374),"-") | K5: =IFERROR(SUMPRODUCT(LARGE(Helper_Clients!$N$3:$N$374,ROW(INDIRECT("1:1"))))/SUM(Helper_Clients!$N$3:$N$374),"-") | L5: =IFERROR(SUMPRODUCT(LARGE(Helper_Clients!$O$3:$O$374,ROW(INDIRECT("1:1"))))/SUM(Helper_Clients!$O$3:$O$374),"-") | M5: =IFERROR(SUMPRODUCT(LARGE(Helper_Clients!$P$3:$P$374,ROW(INDIRECT("1:1"))))/SUM(Helper_Clients!$P$3:$P$374),"-") | N5: =IFERROR(SUMPRODUCT(LARGE(Helper_Clients!$Q$3:$Q$374,ROW(INDIRECT("1:1"))))/SUM(Helper_Clients!$Q$3:$Q$374),"-")
A6: Top 5 clients share | B6: =IFERROR(SUMPRODUCT(LARGE(Helper_Clients!$E$3:$E$374,ROW(INDIRECT("1:5"))))/SUM(Helper_Clients!$E$3:$E$374),"-") | C6: =IFERROR(SUMPRODUCT(LARGE(Helper_Clients!$F$3:$F$374,ROW(INDIRECT("1:5"))))/SUM(Helper_Clients!$F$3:$F$374),"-") | D6: =IFERROR(SUMPRODUCT(LARGE(Helper_Clients!$G$3:$G$374,ROW(INDIRECT("1:5"))))/SUM(Helper_Clients!$G$3:$G$374),"-") | E6: =IFERROR(SUMPRODUCT(LARGE(Helper_Clients!$H$3:$H$374,ROW(INDIRECT("1:5"))))/SUM(Helper_Clients!$H$3:$H$374),"-") | F6: =IFERROR(SUMPRODUCT(LARGE(Helper_Clients!$I$3:$I$374,ROW(INDIRECT("1:5"))))/SUM(Helper_Clients!$I$3:$I$374),"-") | G6: =IFERROR(SUMPRODUCT(LARGE(Helper_Clients!$J$3:$J$374,ROW(INDIRECT("1:5"))))/SUM(Helper_Clients!$J$3:$J$374),"-") | H6: =IFERROR(SUMPRODUCT(LARGE(Helper_Clients!$K$3:$K$374,ROW(INDIRECT("1:5"))))/SUM(Helper_Clients!$K$3:$K$374),"-") | I6: =IFERROR(SUMPRODUCT(LARGE(Helper_Clients!$L$3:$L$374,ROW(INDIRECT("1:5"))))/SUM(Helper_Clients!$L$3:$L$374),"-") | J6: =IFERROR(SUMPRODUCT(LARGE(Helper_Clients!$M$3:$M$374,ROW(INDIRECT("1:5"))))/SUM(Helper_Clients!$M$3:$M$374),"-") | K6: =IFERROR(SUMPRODUCT(LARGE(Helper_Clients!$N$3:$N$374,ROW(INDIRECT("1:5"))))/SUM(Helper_Clients!$N$3:$N$374),"-") | L6: =IFERROR(SUMPRODUCT(LARGE(Helper_Clients!$O$3:$O$374,ROW(INDIRECT("1:5"))))/SUM(Helper_Clients!$O$3:$O$374),"-") | M6: =IFERROR(SUMPRODUCT(LARGE(Helper_Clients!$P$3:$P$374,ROW(INDIRECT("1:5"))))/SUM(Helper_Clients!$P$3:$P$374),"-") | N6: =IFERROR(SUMPRODUCT(LARGE(Helper_Clients!$Q$3:$Q$374,ROW(INDIRECT("1:5"))))/SUM(Helper_Clients!$Q$3:$Q$374),"-")
A7: Top 10 clients share | B7: =IFERROR(SUMPRODUCT(LARGE(Helper_Clients!$E$3:$E$374,ROW(INDIRECT("1:10"))))/SUM(Helper_Clients!$E$3:$E$374),"-") | C7: =IFERROR(SUMPRODUCT(LARGE(Helper_Clients!$F$3:$F$374,ROW(INDIRECT("1:10"))))/SUM(Helper_Clients!$F$3:$F$374),"-") | D7: =IFERROR(SUMPRODUCT(LARGE(Helper_Clients!$G$3:$G$374,ROW(INDIRECT("1:10"))))/SUM(Helper_Clients!$G$3:$G$374),"-") | E7: =IFERROR(SUMPRODUCT(LARGE(Helper_Clients!$H$3:$H$374,ROW(INDIRECT("1:10"))))/SUM(Helper_Clients!$H$3:$H$374),"-") | F7: =IFERROR(SUMPRODUCT(LARGE(Helper_Clients!$I$3:$I$374,ROW(INDIRECT("1:10"))))/SUM(Helper_Clients!$I$3:$I$374),"-") | G7: =IFERROR(SUMPRODUCT(LARGE(Helper_Clients!$J$3:$J$374,ROW(INDIRECT("1:10"))))/SUM(Helper_Clients!$J$3:$J$374),"-") | H7: =IFERROR(SUMPRODUCT(LARGE(Helper_Clients!$K$3:$K$374,ROW(INDIRECT("1:10"))))/SUM(Helper_Clients!$K$3:$K$374),"-") | I7: =IFERROR(SUMPRODUCT(LARGE(Helper_Clients!$L$3:$L$374,ROW(INDIRECT("1:10"))))/SUM(Helper_Clients!$L$3:$L$374),"-") | J7: =IFERROR(SUMPRODUCT(LARGE(Helper_Clients!$M$3:$M$374,ROW(INDIRECT("1:10"))))/SUM(Helper_Clients!$M$3:$M$374),"-") | K7: =IFERROR(SUMPRODUCT(LARGE(Helper_Clients!$N$3:$N$374,ROW(INDIRECT("1:10"))))/SUM(Helper_Clients!$N$3:$N$374),"-") | L7: =IFERROR(SUMPRODUCT(LARGE(Helper_Clients!$O$3:$O$374,ROW(INDIRECT("1:10"))))/SUM(Helper_Clients!$O$3:$O$374),"-") | M7: =IFERROR(SUMPRODUCT(LARGE(Helper_Clients!$P$3:$P$374,ROW(INDIRECT("1:10"))))/SUM(Helper_Clients!$P$3:$P$374),"-") | N7: =IFERROR(SUMPRODUCT(LARGE(Helper_Clients!$Q$3:$Q$374,ROW(INDIRECT("1:10"))))/SUM(Helper_Clients!$Q$3:$Q$374),"-")
A8: Top 20 clients share | B8: =IFERROR(SUMPRODUCT(LARGE(Helper_Clients!$E$3:$E$374,ROW(INDIRECT("1:20"))))/SUM(Helper_Clients!$E$3:$E$374),"-") | C8: =IFERROR(SUMPRODUCT(LARGE(Helper_Clients!$F$3:$F$374,ROW(INDIRECT("1:20"))))/SUM(Helper_Clients!$F$3:$F$374),"-") | D8: =IFERROR(SUMPRODUCT(LARGE(Helper_Clients!$G$3:$G$374,ROW(INDIRECT("1:20"))))/SUM(Helper_Clients!$G$3:$G$374),"-") | E8: =IFERROR(SUMPRODUCT(LARGE(Helper_Clients!$H$3:$H$374,ROW(INDIRECT("1:20"))))/SUM(Helper_Clients!$H$3:$H$374),"-") | F8: =IFERROR(SUMPRODUCT(LARGE(Helper_Clients!$I$3:$I$374,ROW(INDIRECT("1:20"))))/SUM(Helper_Clients!$I$3:$I$374),"-") | G8: =IFERROR(SUMPRODUCT(LARGE(Helper_Clients!$J$3:$J$374,ROW(INDIRECT("1:20"))))/SUM(Helper_Clients!$J$3:$J$374),"-") | H8: =IFERROR(SUMPRODUCT(LARGE(Helper_Clients!$K$3:$K$374,ROW(INDIRECT("1:20"))))/SUM(Helper_Clients!$K$3:$K$374),"-") | I8: =IFERROR(SUMPRODUCT(LARGE(Helper_Clients!$L$3:$L$374,ROW(INDIRECT("1:20"))))/SUM(Helper_Clients!$L$3:$L$374),"-") | J8: =IFERROR(SUMPRODUCT(LARGE(Helper_Clients!$M$3:$M$374,ROW(INDIRECT("1:20"))))/SUM(Helper_Clients!$M$3:$M$374),"-") | K8: =IFERROR(SUMPRODUCT(LARGE(Helper_Clients!$N$3:$N$374,ROW(INDIRECT("1:20"))))/SUM(Helper_Clients!$N$3:$N$374),"-") | L8: =IFERROR(SUMPRODUCT(LARGE(Helper_Clients!$O$3:$O$374,ROW(INDIRECT("1:20"))))/SUM(Helper_Clients!$O$3:$O$374),"-") | M8: =IFERROR(SUMPRODUCT(LARGE(Helper_Clients!$P$3:$P$374,ROW(INDIRECT("1:20"))))/SUM(Helper_Clients!$P$3:$P$374),"-") | N8: =IFERROR(SUMPRODUCT(LARGE(Helper_Clients!$Q$3:$Q$374,ROW(INDIRECT("1:20"))))/SUM(Helper_Clients!$Q$3:$Q$374),"-")
A9: Top 50 clients share | B9: =IFERROR(SUMPRODUCT(LARGE(Helper_Clients!$E$3:$E$374,ROW(INDIRECT("1:50"))))/SUM(Helper_Clients!$E$3:$E$374),"-") | C9: =IFERROR(SUMPRODUCT(LARGE(Helper_Clients!$F$3:$F$374,ROW(INDIRECT("1:50"))))/SUM(Helper_Clients!$F$3:$F$374),"-") | D9: =IFERROR(SUMPRODUCT(LARGE(Helper_Clients!$G$3:$G$374,ROW(INDIRECT("1:50"))))/SUM(Helper_Clients!$G$3:$G$374),"-") | E9: =IFERROR(SUMPRODUCT(LARGE(Helper_Clients!$H$3:$H$374,ROW(INDIRECT("1:50"))))/SUM(Helper_Clients!$H$3:$H$374),"-") | F9: =IFERROR(SUMPRODUCT(LARGE(Helper_Clients!$I$3:$I$374,ROW(INDIRECT("1:50"))))/SUM(Helper_Clients!$I$3:$I$374),"-") | G9: =IFERROR(SUMPRODUCT(LARGE(Helper_Clients!$J$3:$J$374,ROW(INDIRECT("1:50"))))/SUM(Helper_Clients!$J$3:$J$374),"-") | H9: =IFERROR(SUMPRODUCT(LARGE(Helper_Clients!$K$3:$K$374,ROW(INDIRECT("1:50"))))/SUM(Helper_Clients!$K$3:$K$374),"-") | I9: =IFERROR(SUMPRODUCT(LARGE(Helper_Clients!$L$3:$L$374,ROW(INDIRECT("1:50"))))/SUM(Helper_Clients!$L$3:$L$374),"-") | J9: =IFERROR(SUMPRODUCT(LARGE(Helper_Clients!$M$3:$M$374,ROW(INDIRECT("1:50"))))/SUM(Helper_Clients!$M$3:$M$374),"-") | K9: =IFERROR(SUMPRODUCT(LARGE(Helper_Clients!$N$3:$N$374,ROW(INDIRECT("1:50"))))/SUM(Helper_Clients!$N$3:$N$374),"-") | L9: =IFERROR(SUMPRODUCT(LARGE(Helper_Clients!$O$3:$O$374,ROW(INDIRECT("1:50"))))/SUM(Helper_Clients!$O$3:$O$374),"-") | M9: =IFERROR(SUMPRODUCT(LARGE(Helper_Clients!$P$3:$P$374,ROW(INDIRECT("1:50"))))/SUM(Helper_Clients!$P$3:$P$374),"-") | N9: =IFERROR(SUMPRODUCT(LARGE(Helper_Clients!$Q$3:$Q$374,ROW(INDIRECT("1:50"))))/SUM(Helper_Clients!$Q$3:$Q$374),"-")
A12: Top 20 clients by FY26A revenue
A13: Rank | B13: Client | C13: Primary Dept | D13: Primary Country | E13: FY26A revenue (£) | F13: % of total FY26A
A14: 1 | B14: =IFERROR(INDEX(Helper_Clients!$A$3:$A$374,MATCH(LARGE(Helper_Clients!$Q$3:$Q$374,1),Helper_Clients!$Q$3:$Q$374,0)),"-") | C14: =IFERROR(INDEX(Helper_Clients!$B$3:$B$374,MATCH(LARGE(Helper_Clients!$Q$3:$Q$374,1),Helper_Clients!$Q$3:$Q$374,0)),"-") | D14: =IFERROR(INDEX(Helper_Clients!$C$3:$C$374,MATCH(LARGE(Helper_Clients!$Q$3:$Q$374,1),Helper_Clients!$Q$3:$Q$374,0)),"-") | E14: =IFERROR(LARGE(Helper_Clients!$Q$3:$Q$374,1),"-") | F14: =IFERROR(E14/SUM(Helper_Clients!$Q$3:$Q$374),"-")
A15: 2 | B15: =IFERROR(INDEX(Helper_Clients!$A$3:$A$374,MATCH(LARGE(Helper_Clients!$Q$3:$Q$374,2),Helper_Clients!$Q$3:$Q$374,0)),"-") | C15: =IFERROR(INDEX(Helper_Clients!$B$3:$B$374,MATCH(LARGE(Helper_Clients!$Q$3:$Q$374,2),Helper_Clients!$Q$3:$Q$374,0)),"-") | D15: =IFERROR(INDEX(Helper_Clients!$C$3:$C$374,MATCH(LARGE(Helper_Clients!$Q$3:$Q$374,2),Helper_Clients!$Q$3:$Q$374,0)),"-") | E15: =IFERROR(LARGE(Helper_Clients!$Q$3:$Q$374,2),"-") | F15: =IFERROR(E15/SUM(Helper_Clients!$Q$3:$Q$374),"-")
A16: 3 | B16: =IFERROR(INDEX(Helper_Clients!$A$3:$A$374,MATCH(LARGE(Helper_Clients!$Q$3:$Q$374,3),Helper_Clients!$Q$3:$Q$374,0)),"-") | C16: =IFERROR(INDEX(Helper_Clients!$B$3:$B$374,MATCH(LARGE(Helper_Clients!$Q$3:$Q$374,3),Helper_Clients!$Q$3:$Q$374,0)),"-") | D16: =IFERROR(INDEX(Helper_Clients!$C$3:$C$374,MATCH(LARGE(Helper_Clients!$Q$3:$Q$374,3),Helper_Clients!$Q$3:$Q$374,0)),"-") | E16: =IFERROR(LARGE(Helper_Clients!$Q$3:$Q$374,3),"-") | F16: =IFERROR(E16/SUM(Helper_Clients!$Q$3:$Q$374),"-")
A17: 4 | B17: =IFERROR(INDEX(Helper_Clients!$A$3:$A$374,MATCH(LARGE(Helper_Clients!$Q$3:$Q$374,4),Helper_Clients!$Q$3:$Q$374,0)),"-") | C17: =IFERROR(INDEX(Helper_Clients!$B$3:$B$374,MATCH(LARGE(Helper_Clients!$Q$3:$Q$374,4),Helper_Clients!$Q$3:$Q$374,0)),"-") | D17: =IFERROR(INDEX(Helper_Clients!$C$3:$C$374,MATCH(LARGE(Helper_Clients!$Q$3:$Q$374,4),Helper_Clients!$Q$3:$Q$374,0)),"-") | E17: =IFERROR(LARGE(Helper_Clients!$Q$3:$Q$374,4),"-") | F17: =IFERROR(E17/SUM(Helper_Clients!$Q$3:$Q$374),"-")
A18: 5 | B18: =IFERROR(INDEX(Helper_Clients!$A$3:$A$374,MATCH(LARGE(Helper_Clients!$Q$3:$Q$374,5),Helper_Clients!$Q$3:$Q$374,0)),"-") | C18: =IFERROR(INDEX(Helper_Clients!$B$3:$B$374,MATCH(LARGE(Helper_Clients!$Q$3:$Q$374,5),Helper_Clients!$Q$3:$Q$374,0)),"-") | D18: =IFERROR(INDEX(Helper_Clients!$C$3:$C$374,MATCH(LARGE(Helper_Clients!$Q$3:$Q$374,5),Helper_Clients!$Q$3:$Q$374,0)),"-") | E18: =IFERROR(LARGE(Helper_Clients!$Q$3:$Q$374,5),"-") | F18: =IFERROR(E18/SUM(Helper_Clients!$Q$3:$Q$374),"-")
A19: 6 | B19: =IFERROR(INDEX(Helper_Clients!$A$3:$A$374,MATCH(LARGE(Helper_Clients!$Q$3:$Q$374,6),Helper_Clients!$Q$3:$Q$374,0)),"-") | C19: =IFERROR(INDEX(Helper_Clients!$B$3:$B$374,MATCH(LARGE(Helper_Clients!$Q$3:$Q$374,6),Helper_Clients!$Q$3:$Q$374,0)),"-") | D19: =IFERROR(INDEX(Helper_Clients!$C$3:$C$374,MATCH(LARGE(Helper_Clients!$Q$3:$Q$374,6),Helper_Clients!$Q$3:$Q$374,0)),"-") | E19: =IFERROR(LARGE(Helper_Clients!$Q$3:$Q$374,6),"-") | F19: =IFERROR(E19/SUM(Helper_Clients!$Q$3:$Q$374),"-")
A20: 7 | B20: =IFERROR(INDEX(Helper_Clients!$A$3:$A$374,MATCH(LARGE(Helper_Clients!$Q$3:$Q$374,7),Helper_Clients!$Q$3:$Q$374,0)),"-") | C20: =IFERROR(INDEX(Helper_Clients!$B$3:$B$374,MATCH(LARGE(Helper_Clients!$Q$3:$Q$374,7),Helper_Clients!$Q$3:$Q$374,0)),"-") | D20: =IFERROR(INDEX(Helper_Clients!$C$3:$C$374,MATCH(LARGE(Helper_Clients!$Q$3:$Q$374,7),Helper_Clients!$Q$3:$Q$374,0)),"-") | E20: =IFERROR(LARGE(Helper_Clients!$Q$3:$Q$374,7),"-") | F20: =IFERROR(E20/SUM(Helper_Clients!$Q$3:$Q$374),"-")
A21: 8 | B21: =IFERROR(INDEX(Helper_Clients!$A$3:$A$374,MATCH(LARGE(Helper_Clients!$Q$3:$Q$374,8),Helper_Clients!$Q$3:$Q$374,0)),"-") | C21: =IFERROR(INDEX(Helper_Clients!$B$3:$B$374,MATCH(LARGE(Helper_Clients!$Q$3:$Q$374,8),Helper_Clients!$Q$3:$Q$374,0)),"-") | D21: =IFERROR(INDEX(Helper_Clients!$C$3:$C$374,MATCH(LARGE(Helper_Clients!$Q$3:$Q$374,8),Helper_Clients!$Q$3:$Q$374,0)),"-") | E21: =IFERROR(LARGE(Helper_Clients!$Q$3:$Q$374,8),"-") | F21: =IFERROR(E21/SUM(Helper_Clients!$Q$3:$Q$374),"-")
A22: 9 | B22: =IFERROR(INDEX(Helper_Clients!$A$3:$A$374,MATCH(LARGE(Helper_Clients!$Q$3:$Q$374,9),Helper_Clients!$Q$3:$Q$374,0)),"-") | C22: =IFERROR(INDEX(Helper_Clients!$B$3:$B$374,MATCH(LARGE(Helper_Clients!$Q$3:$Q$374,9),Helper_Clients!$Q$3:$Q$374,0)),"-") | D22: =IFERROR(INDEX(Helper_Clients!$C$3:$C$374,MATCH(LARGE(Helper_Clients!$Q$3:$Q$374,9),Helper_Clients!$Q$3:$Q$374,0)),"-") | E22: =IFERROR(LARGE(Helper_Clients!$Q$3:$Q$374,9),"-") | F22: =IFERROR(E22/SUM(Helper_Clients!$Q$3:$Q$374),"-")
A23: 10 | B23: =IFERROR(INDEX(Helper_Clients!$A$3:$A$374,MATCH(LARGE(Helper_Clients!$Q$3:$Q$374,10),Helper_Clients!$Q$3:$Q$374,0)),"-") | C23: =IFERROR(INDEX(Helper_Clients!$B$3:$B$374,MATCH(LARGE(Helper_Clients!$Q$3:$Q$374,10),Helper_Clients!$Q$3:$Q$374,0)),"-") | D23: =IFERROR(INDEX(Helper_Clients!$C$3:$C$374,MATCH(LARGE(Helper_Clients!$Q$3:$Q$374,10),Helper_Clients!$Q$3:$Q$374,0)),"-") | E23: =IFERROR(LARGE(Helper_Clients!$Q$3:$Q$374,10),"-") | F23: =IFERROR(E23/SUM(Helper_Clients!$Q$3:$Q$374),"-")
A24: 11 | B24: =IFERROR(INDEX(Helper_Clients!$A$3:$A$374,MATCH(LARGE(Helper_Clients!$Q$3:$Q$374,11),Helper_Clients!$Q$3:$Q$374,0)),"-") | C24: =IFERROR(INDEX(Helper_Clients!$B$3:$B$374,MATCH(LARGE(Helper_Clients!$Q$3:$Q$374,11),Helper_Clients!$Q$3:$Q$374,0)),"-") | D24: =IFERROR(INDEX(Helper_Clients!$C$3:$C$374,MATCH(LARGE(Helper_Clients!$Q$3:$Q$374,11),Helper_Clients!$Q$3:$Q$374,0)),"-") | E24: =IFERROR(LARGE(Helper_Clients!$Q$3:$Q$374,11),"-") | F24: =IFERROR(E24/SUM(Helper_Clients!$Q$3:$Q$374),"-")
A25: 12 | B25: =IFERROR(INDEX(Helper_Clients!$A$3:$A$374,MATCH(LARGE(Helper_Clients!$Q$3:$Q$374,12),Helper_Clients!$Q$3:$Q$374,0)),"-") | C25: =IFERROR(INDEX(Helper_Clients!$B$3:$B$374,MATCH(LARGE(Helper_Clients!$Q$3:$Q$374,12),Helper_Clients!$Q$3:$Q$374,0)),"-") | D25: =IFERROR(INDEX(Helper_Clients!$C$3:$C$374,MATCH(LARGE(Helper_Clients!$Q$3:$Q$374,12),Helper_Clients!$Q$3:$Q$374,0)),"-") | E25: =IFERROR(LARGE(Helper_Clients!$Q$3:$Q$374,12),"-") | F25: =IFERROR(E25/SUM(Helper_Clients!$Q$3:$Q$374),"-")
A26: 13 | B26: =IFERROR(INDEX(Helper_Clients!$A$3:$A$374,MATCH(LARGE(Helper_Clients!$Q$3:$Q$374,13),Helper_Clients!$Q$3:$Q$374,0)),"-") | C26: =IFERROR(INDEX(Helper_Clients!$B$3:$B$374,MATCH(LARGE(Helper_Clients!$Q$3:$Q$374,13),Helper_Clients!$Q$3:$Q$374,0)),"-") | D26: =IFERROR(INDEX(Helper_Clients!$C$3:$C$374,MATCH(LARGE(Helper_Clients!$Q$3:$Q$374,13),Helper_Clients!$Q$3:$Q$374,0)),"-") | E26: =IFERROR(LARGE(Helper_Clients!$Q$3:$Q$374,13),"-") | F26: =IFERROR(E26/SUM(Helper_Clients!$Q$3:$Q$374),"-")
A27: 14 | B27: =IFERROR(INDEX(Helper_Clients!$A$3:$A$374,MATCH(LARGE(Helper_Clients!$Q$3:$Q$374,14),Helper_Clients!$Q$3:$Q$374,0)),"-") | C27: =IFERROR(INDEX(Helper_Clients!$B$3:$B$374,MATCH(LARGE(Helper_Clients!$Q$3:$Q$374,14),Helper_Clients!$Q$3:$Q$374,0)),"-") | D27: =IFERROR(INDEX(Helper_Clients!$C$3:$C$374,MATCH(LARGE(Helper_Clients!$Q$3:$Q$374,14),Helper_Clients!$Q$3:$Q$374,0)),"-") | E27: =IFERROR(LARGE(Helper_Clients!$Q$3:$Q$374,14),"-") | F27: =IFERROR(E27/SUM(Helper_Clients!$Q$3:$Q$374),"-")
A28: 15 | B28: =IFERROR(INDEX(Helper_Clients!$A$3:$A$374,MATCH(LARGE(Helper_Clients!$Q$3:$Q$374,15),Helper_Clients!$Q$3:$Q$374,0)),"-") | C28: =IFERROR(INDEX(Helper_Clients!$B$3:$B$374,MATCH(LARGE(Helper_Clients!$Q$3:$Q$374,15),Helper_Clients!$Q$3:$Q$374,0)),"-") | D28: =IFERROR(INDEX(Helper_Clients!$C$3:$C$374,MATCH(LARGE(Helper_Clients!$Q$3:$Q$374,15),Helper_Clients!$Q$3:$Q$374,0)),"-") | E28: =IFERROR(LARGE(Helper_Clients!$Q$3:$Q$374,15),"-") | F28: =IFERROR(E28/SUM(Helper_Clients!$Q$3:$Q$374),"-")
A29: 16 | B29: =IFERROR(INDEX(Helper_Clients!$A$3:$A$374,MATCH(LARGE(Helper_Clients!$Q$3:$Q$374,16),Helper_Clients!$Q$3:$Q$374,0)),"-") | C29: =IFERROR(INDEX(Helper_Clients!$B$3:$B$374,MATCH(LARGE(Helper_Clients!$Q$3:$Q$374,16),Helper_Clients!$Q$3:$Q$374,0)),"-") | D29: =IFERROR(INDEX(Helper_Clients!$C$3:$C$374,MATCH(LARGE(Helper_Clients!$Q$3:$Q$374,16),Helper_Clients!$Q$3:$Q$374,0)),"-") | E29: =IFERROR(LARGE(Helper_Clients!$Q$3:$Q$374,16),"-") | F29: =IFERROR(E29/SUM(Helper_Clients!$Q$3:$Q$374),"-")
A30: 17 | B30: =IFERROR(INDEX(Helper_Clients!$A$3:$A$374,MATCH(LARGE(Helper_Clients!$Q$3:$Q$374,17),Helper_Clients!$Q$3:$Q$374,0)),"-") | C30: =IFERROR(INDEX(Helper_Clients!$B$3:$B$374,MATCH(LARGE(Helper_Clients!$Q$3:$Q$374,17),Helper_Clients!$Q$3:$Q$374,0)),"-") | D30: =IFERROR(INDEX(Helper_Clients!$C$3:$C$374,MATCH(LARGE(Helper_Clients!$Q$3:$Q$374,17),Helper_Clients!$Q$3:$Q$374,0)),"-") | E30: =IFERROR(LARGE(Helper_Clients!$Q$3:$Q$374,17),"-") | F30: =IFERROR(E30/SUM(Helper_Clients!$Q$3:$Q$374),"-")
A31: 18 | B31: =IFERROR(INDEX(Helper_Clients!$A$3:$A$374,MATCH(LARGE(Helper_Clients!$Q$3:$Q$374,18),Helper_Clients!$Q$3:$Q$374,0)),"-") | C31: =IFERROR(INDEX(Helper_Clients!$B$3:$B$374,MATCH(LARGE(Helper_Clients!$Q$3:$Q$374,18),Helper_Clients!$Q$3:$Q$374,0)),"-") | D31: =IFERROR(INDEX(Helper_Clients!$C$3:$C$374,MATCH(LARGE(Helper_Clients!$Q$3:$Q$374,18),Helper_Clients!$Q$3:$Q$374,0)),"-") | E31: =IFERROR(LARGE(Helper_Clients!$Q$3:$Q$374,18),"-") | F31: =IFERROR(E31/SUM(Helper_Clients!$Q$3:$Q$374),"-")
A32: 19 | B32: =IFERROR(INDEX(Helper_Clients!$A$3:$A$374,MATCH(LARGE(Helper_Clients!$Q$3:$Q$374,19),Helper_Clients!$Q$3:$Q$374,0)),"-") | C32: =IFERROR(INDEX(Helper_Clients!$B$3:$B$374,MATCH(LARGE(Helper_Clients!$Q$3:$Q$374,19),Helper_Clients!$Q$3:$Q$374,0)),"-") | D32: =IFERROR(INDEX(Helper_Clients!$C$3:$C$374,MATCH(LARGE(Helper_Clients!$Q$3:$Q$374,19),Helper_Clients!$Q$3:$Q$374,0)),"-") | E32: =IFERROR(LARGE(Helper_Clients!$Q$3:$Q$374,19),"-") | F32: =IFERROR(E32/SUM(Helper_Clients!$Q$3:$Q$374),"-")
A33: 20 | B33: =IFERROR(INDEX(Helper_Clients!$A$3:$A$374,MATCH(LARGE(Helper_Clients!$Q$3:$Q$374,20),Helper_Clients!$Q$3:$Q$374,0)),"-") | C33: =IFERROR(INDEX(Helper_Clients!$B$3:$B$374,MATCH(LARGE(Helper_Clients!$Q$3:$Q$374,20),Helper_Clients!$Q$3:$Q$374,0)),"-") | D33: =IFERROR(INDEX(Helper_Clients!$C$3:$C$374,MATCH(LARGE(Helper_Clients!$Q$3:$Q$374,20),Helper_Clients!$Q$3:$Q$374,0)),"-") | E33: =IFERROR(LARGE(Helper_Clients!$Q$3:$Q$374,20),"-") | F33: =IFERROR(E33/SUM(Helper_Clients!$Q$3:$Q$374),"-")

Sheet Cross-sell
A1: Cross-sell — Product breadth per client (£ GBP)
A2: "Lines" = active revenue lines per client (proxy for product/country breadth, 1 line = unique product × country combo).
A4: Metric | B4: FY2014A | C4: FY2015A | D4: FY2016A | E4: FY2017A | F4: FY2018A | G4: FY2019A | H4: FY2020A | I4: FY2021A | J4: FY2022A | K4: FY2023A | L4: FY2024A | M4: FY2025A | N4: FY2026A
A5: Avg # lines per active client | B5: =IFERROR(SUM(Helper_Clients!$U$3:$U$374)/COUNTIF(Helper_Clients!$E$3:$E$374,">0"),"-") | C5: =IFERROR(SUM(Helper_Clients!$V$3:$V$374)/COUNTIF(Helper_Clients!$F$3:$F$374,">0"),"-") | D5: =IFERROR(SUM(Helper_Clients!$W$3:$W$374)/COUNTIF(Helper_Clients!$G$3:$G$374,">0"),"-") | E5: =IFERROR(SUM(Helper_Clients!$X$3:$X$374)/COUNTIF(Helper_Clients!$H$3:$H$374,">0"),"-") | F5: =IFERROR(SUM(Helper_Clients!$Y$3:$Y$374)/COUNTIF(Helper_Clients!$I$3:$I$374,">0"),"-") | G5: =IFERROR(SUM(Helper_Clients!$Z$3:$Z$374)/COUNTIF(Helper_Clients!$J$3:$J$374,">0"),"-") | H5: =IFERROR(SUM(Helper_Clients!$AA$3:$AA$374)/COUNTIF(Helper_Clients!$K$3:$K$374,">0"),"-") | I5: =IFERROR(SUM(Helper_Clients!$AB$3:$AB$374)/COUNTIF(Helper_Clients!$L$3:$L$374,">0"),"-") | J5: =IFERROR(SUM(Helper_Clients!$AC$3:$AC$374)/COUNTIF(Helper_Clients!$M$3:$M$374,">0"),"-") | K5: =IFERROR(SUM(Helper_Clients!$AD$3:$AD$374)/COUNTIF(Helper_Clients!$N$3:$N$374,">0"),"-") | L5: =IFERROR(SUM(Helper_Clients!$AE$3:$AE$374)/COUNTIF(Helper_Clients!$O$3:$O$374,">0"),"-") | M5: =IFERROR(SUM(Helper_Clients!$AF$3:$AF$374)/COUNTIF(Helper_Clients!$P$3:$P$374,">0"),"-") | N5: =IFERROR(SUM(Helper_Clients!$AG$3:$AG$374)/COUNTIF(Helper_Clients!$Q$3:$Q$374,">0"),"-")
A7: # Mono-line clients (1 line) | B7: =COUNTIF(Helper_Clients!$U$3:$U$374,1) | C7: =COUNTIF(Helper_Clients!$V$3:$V$374,1) | D7: =COUNTIF(Helper_Clients!$W$3:$W$374,1) | E7: =COUNTIF(Helper_Clients!$X$3:$X$374,1) | F7: =COUNTIF(Helper_Clients!$Y$3:$Y$374,1) | G7: =COUNTIF(Helper_Clients!$Z$3:$Z$374,1) | H7: =COUNTIF(Helper_Clients!$AA$3:$AA$374,1) | I7: =COUNTIF(Helper_Clients!$AB$3:$AB$374,1) | J7: =COUNTIF(Helper_Clients!$AC$3:$AC$374,1) | K7: =COUNTIF(Helper_Clients!$AD$3:$AD$374,1) | L7: =COUNTIF(Helper_Clients!$AE$3:$AE$374,1) | M7: =COUNTIF(Helper_Clients!$AF$3:$AF$374,1) | N7: =COUNTIF(Helper_Clients!$AG$3:$AG$374,1)
A8: # Multi-line clients (>=2) | B8: =COUNTIF(Helper_Clients!$U$3:$U$374,">=2") | C8: =COUNTIF(Helper_Clients!$V$3:$V$374,">=2") | D8: =COUNTIF(Helper_Clients!$W$3:$W$374,">=2") | E8: =COUNTIF(Helper_Clients!$X$3:$X$374,">=2") | F8: =COUNTIF(Helper_Clients!$Y$3:$Y$374,">=2") | G8: =COUNTIF(Helper_Clients!$Z$3:$Z$374,">=2") | H8: =COUNTIF(Helper_Clients!$AA$3:$AA$374,">=2") | I8: =COUNTIF(Helper_Clients!$AB$3:$AB$374,">=2") | J8: =COUNTIF(Helper_Clients!$AC$3:$AC$374,">=2") | K8: =COUNTIF(Helper_Clients!$AD$3:$AD$374,">=2") | L8: =COUNTIF(Helper_Clients!$AE$3:$AE$374,">=2") | M8: =COUNTIF(Helper_Clients!$AF$3:$AF$374,">=2") | N8: =COUNTIF(Helper_Clients!$AG$3:$AG$374,">=2")
A9: % Multi-line clients | B9: =IFERROR(B8/(B7+B8),"-") | C9: =IFERROR(C8/(C7+C8),"-") | D9: =IFERROR(D8/(D7+D8),"-") | E9: =IFERROR(E8/(E7+E8),"-") | F9: =IFERROR(F8/(F7+F8),"-") | G9: =IFERROR(G8/(G7+G8),"-") | H9: =IFERROR(H8/(H7+H8),"-") | I9: =IFERROR(I8/(I7+I8),"-") | ... N9: =IFERROR(N8/(N7+N8),"-")
A11: Revenue from mono-line clients (£) | B11: =SUMIFS(Helper_Clients!$E$3:$E$374,Helper_Clients!$U$3:$U$374,1) | C11: =SUMIFS(Helper_Clients!$F$3:$F$374,Helper_Clients!$V$3:$V$374,1) | D11: =SUMIFS(Helper_Clients!$G$3:$G$374,Helper_Clients!$W$3:$W$374,1) | E11: =SUMIFS(Helper_Clients!$H$3:$H$374,Helper_Clients!$X$3:$X$374,1) | F11: =SUMIFS(Helper_Clients!$I$3:$I$374,Helper_Clients!$Y$3:$Y$374,1) | G11: =SUMIFS(Helper_Clients!$J$3:$J$374,Helper_Clients!$Z$3:$Z$374,1) | H11: =SUMIFS(Helper_Clients!$K$3:$K$374,Helper_Clients!$AA$3:$AA$374,1) | I11: =SUMIFS(Helper_Clients!$L$3:$L$374,Helper_Clients!$AB$3:$AB$374,1) | J11: =SUMIFS(Helper_Clients!$M$3:$M$374,Helper_Clients!$AC$3:$AC$374,1) | K11: =SUMIFS(Helper_Clients!$N$3:$N$374,Helper_Clients!$AD$3:$AD$374,1) | L11: =SUMIFS(Helper_Clients!$O$3:$O$374,Helper_Clients!$AE$3:$AE$374,1) | M11: =SUMIFS(Helper_Clients!$P$3:$P$374,Helper_Clients!$AF$3:$AF$374,1) | N11: =SUMIFS(Helper_Clients!$Q$3:$Q$374,Helper_Clients!$AG$3:$AG$374,1)
A12: Revenue from multi-line clients (£) | B12: =SUMIFS(Helper_Clients!$E$3:$E$374,Helper_Clients!$U$3:$U$374,">=2") | C12: =SUMIFS(Helper_Clients!$F$3:$F$374,Helper_Clients!$V$3:$V$374,">=2") | D12: =SUMIFS(Helper_Clients!$G$3:$G$374,Helper_Clients!$W$3:$W$374,">=2") | E12: =SUMIFS(Helper_Clients!$H$3:$H$374,Helper_Clients!$X$3:$X$374,">=2") | F12: =SUMIFS(Helper_Clients!$I$3:$I$374,Helper_Clients!$Y$3:$Y$374,">=2") | G12: =SUMIFS(Helper_Clients!$J$3:$J$374,Helper_Clients!$Z$3:$Z$374,">=2") | H12: =SUMIFS(Helper_Clients!$K$3:$K$374,Helper_Clients!$AA$3:$AA$374,">=2") | I12: =SUMIFS(Helper_Clients!$L$3:$L$374,Helper_Clients!$AB$3:$AB$374,">=2") | J12: =SUMIFS(Helper_Clients!$M$3:$M$374,Helper_Clients!$AC$3:$AC$374,">=2") | K12: =SUMIFS(Helper_Clients!$N$3:$N$374,Helper_Clients!$AD$3:$AD$374,">=2") | L12: =SUMIFS(Helper_Clients!$O$3:$O$374,Helper_Clients!$AE$3:$AE$374,">=2") | M12: =SUMIFS(Helper_Clients!$P$3:$P$374,Helper_Clients!$AF$3:$AF$374,">=2") | N12: =SUMIFS(Helper_Clients!$Q$3:$Q$374,Helper_Clients!$AG$3:$AG$374,">=2")
A13: % Revenue from multi-line clients | B13: =IFERROR(B12/(B11+B12),"-") | C13: =IFERROR(C12/(C11+C12),"-") | D13: =IFERROR(D12/(D11+D12),"-") | E13: =IFERROR(E12/(E11+E12),"-") | F13: =IFERROR(F12/(F11+F12),"-") | G13: =IFERROR(G12/(G11+G12),"-") | H13: =IFERROR(H12/(H11+H12),"-") | I13: =IFERROR(I12/(I11+I12),"-") | ... N13: =IFERROR(N12/(N11+N12),"-")
A16: Distribution of clients by # lines
A17: # lines | B17: FY2014A | C17: FY2015A | D17: FY2016A | E17: FY2017A | F17: FY2018A | G17: FY2019A | H17: FY2020A | I17: FY2021A | J17: FY2022A | K17: FY2023A | L17: FY2024A | M17: FY2025A | N17: FY2026A
A18: 1 | B18: =COUNTIF(Helper_Clients!$U$3:$U$374,1) | C18: =COUNTIF(Helper_Clients!$V$3:$V$374,1) | D18: =COUNTIF(Helper_Clients!$W$3:$W$374,1) | E18: =COUNTIF(Helper_Clients!$X$3:$X$374,1) | F18: =COUNTIF(Helper_Clients!$Y$3:$Y$374,1) | G18: =COUNTIF(Helper_Clients!$Z$3:$Z$374,1) | H18: =COUNTIF(Helper_Clients!$AA$3:$AA$374,1) | I18: =COUNTIF(Helper_Clients!$AB$3:$AB$374,1) | J18: =COUNTIF(Helper_Clients!$AC$3:$AC$374,1) | K18: =COUNTIF(Helper_Clients!$AD$3:$AD$374,1) | L18: =COUNTIF(Helper_Clients!$AE$3:$AE$374,1) | M18: =COUNTIF(Helper_Clients!$AF$3:$AF$374,1) | N18: =COUNTIF(Helper_Clients!$AG$3:$AG$374,1)
A19: 2 | B19: =COUNTIF(Helper_Clients!$U$3:$U$374,2) | C19: =COUNTIF(Helper_Clients!$V$3:$V$374,2) | D19: =COUNTIF(Helper_Clients!$W$3:$W$374,2) | E19: =COUNTIF(Helper_Clients!$X$3:$X$374,2) | F19: =COUNTIF(Helper_Clients!$Y$3:$Y$374,2) | G19: =COUNTIF(Helper_Clients!$Z$3:$Z$374,2) | H19: =COUNTIF(Helper_Clients!$AA$3:$AA$374,2) | I19: =COUNTIF(Helper_Clients!$AB$3:$AB$374,2) | J19: =COUNTIF(Helper_Clients!$AC$3:$AC$374,2) | K19: =COUNTIF(Helper_Clients!$AD$3:$AD$374,2) | L19: =COUNTIF(Helper_Clients!$AE$3:$AE$374,2) | M19: =COUNTIF(Helper_Clients!$AF$3:$AF$374,2) | N19: =COUNTIF(Helper_Clients!$AG$3:$AG$374,2)
A20: 3 | B20: =COUNTIF(Helper_Clients!$U$3:$U$374,3) | C20: =COUNTIF(Helper_Clients!$V$3:$V$374,3) | D20: =COUNTIF(Helper_Clients!$W$3:$W$374,3) | E20: =COUNTIF(Helper_Clients!$X$3:$X$374,3) | F20: =COUNTIF(Helper_Clients!$Y$3:$Y$374,3) | G20: =COUNTIF(Helper_Clients!$Z$3:$Z$374,3) | H20: =COUNTIF(Helper_Clients!$AA$3:$AA$374,3) | I20: =COUNTIF(Helper_Clients!$AB$3:$AB$374,3) | J20: =COUNTIF(Helper_Clients!$AC$3:$AC$374,3) | K20: =COUNTIF(Helper_Clients!$AD$3:$AD$374,3) | L20: =COUNTIF(Helper_Clients!$AE$3:$AE$374,3) | M20: =COUNTIF(Helper_Clients!$AF$3:$AF$374,3) | N20: =COUNTIF(Helper_Clients!$AG$3:$AG$374,3)
A21: 4+ | B21: =COUNTIF(Helper_Clients!$U$3:$U$374,">=4") | C21: =COUNTIF(Helper_Clients!$V$3:$V$374,">=4") | D21: =COUNTIF(Helper_Clients!$W$3:$W$374,">=4") | E21: =COUNTIF(Helper_Clients!$X$3:$X$374,">=4") | F21: =COUNTIF(Helper_Clients!$Y$3:$Y$374,">=4") | G21: =COUNTIF(Helper_Clients!$Z$3:$Z$374,">=4") | H21: =COUNTIF(Helper_Clients!$AA$3:$AA$374,">=4") | I21: =COUNTIF(Helper_Clients!$AB$3:$AB$374,">=4") | J21: =COUNTIF(Helper_Clients!$AC$3:$AC$374,">=4") | K21: =COUNTIF(Helper_Clients!$AD$3:$AD$374,">=4") | L21: =COUNTIF(Helper_Clients!$AE$3:$AE$374,">=4") | M21: =COUNTIF(Helper_Clients!$AF$3:$AF$374,">=4") | N21: =COUNTIF(Helper_Clients!$AG$3:$AG$374,">=4")

Sheet Helper_Clients
A1: Helper tab — derived from Source_Evolution unique clients (labels only). All revenue = formulas.
A2: Client | B2: Primary Dept | C2: Primary Country | D2: Cohort year (first FY > 0) | E2: FY2014A | F2: FY2015A | G2: FY2016A | H2: FY2017A | I2: FY2018A | J2: FY2019A | K2: FY2020A | L2: FY2021A | M2: FY2022A | N2: FY2023A | O2: FY2024A | P2: FY2025A | Q2: FY2026A | R2: Total FY14-FY26 | S2: Latest FY26 | T2: Software flag
A3: Company 1 | B3: Software | C3: UK | D3: 2014 | E3: =SUMIFS(Source_Evolution!$E$3:$E$731,Source_Evolution!$A$3:$A$731,$A3) | F3: =SUMIFS(Source_Evolution!$F$3:$F$731,Source_Evolution!$A$3:$A$731,$A3) | G3: =SUMIFS(Source_Evolution!$G$3:$G$731,Source_Evolution!$A$3:$A$731,$A3) | H3: =SUMIFS(Source_Evolution!$H$3:$H$731,Source_Evolution!$A$3:$A$731,$A3) | I3: =SUMIFS(Source_Evolution!$I$3:$I$731,Source_Evolution!$A$3:$A$731,$A3) | J3: =SUMIFS(Source_Evolution!$J$3:$J$731,Source_Evolution!$A$3:$A$731,$A3) | K3: =SUMIFS(Source_Evolution!$K$3:$K$731,Source_Evolution!$A$3:$A$731,$A3) | L3: =SUMIFS(Source_Evolution!$L$3:$L$731,Source_Evolution!$A$3:$A$731,$A3) | M3: =SUMIFS(Source_Evolution!$M$3:$M$731,Source_Evolution!$A$3:$A$731,$A3) | N3: =SUMIFS(Source_Evolution!$N$3:$N$731,Source_Evolution!$A$3:$A$731,$A3) | O3: =SUMIFS(Source_Evolution!$O$3:$O$731,Source_Evolution!$A$3:$A$731,$A3) | P3: =SUMIFS(Source_Evolution!$P$3:$P$731,Source_Evolution!$A$3:$A$731,$A3) | Q3: =SUMIFS(Source_Evolution!$Q$3:$Q$731,Source_Evolution!$A$3:$A$731,$A3) | R3: =SUM(E3:Q3) | S3: =Q3 | T3: =IF(B3="Software",1,0) | U3: =SUMPRODUCT((Source_Evolution!$A$3:$A$731=$A3)*(Source_Evolution!$E$3:$E$731>0)) | V3: =SUMPRODUCT((Source_Evolution!$A$3:$A$731=$A3)*(Source_Evolution!$F$3:$F$731>0)) | W3: =SUMPRODUCT((Source_Evolution!$A$3:$A$731=$A3)*(Source_Evolution!$G$3:$G$731>0)) | X3: =SUMPRODUCT((Source_Evolution!$A$3:$A$731=$A3)*(Source_Evolution!$H$3:$H$731>0)) | Y3: =SUMPRODUCT((Source_Evolution!$A$3:$A$731=$A3)*(Source_Evolution!$I$3:$I$731>0)) | Z3: =SUMPRODUCT((Source_Evolution!$A$3:$A$731=$A3)*(Source_Evolution!$J$3:$J$731>0)) | AA3: =SUMPRODUCT((Source_Evolution!$A$3:$A$731=$A3)*(Source_Evolution!$K$3:$K$731>0)) | AB3: =SUMPRODUCT((Source_Evolution!$A$3:$A$731=$A3)*(Source_Evolution!$L$3:$L$731>0)) | AC3: =SUMPRODUCT((Source_Evolution!$A$3:$A$731=$A3)*(Source_Evolution!$M$3:$M$731>0)) | AD3: =SUMPRODUCT((Source_Evolution!$A$3:$A$731=$A3)*(Source_Evolution!$N$3:$N$731>0)) | AE3: =SUMPRODUCT((Source_Evolution!$A$3:$A$731=$A3)*(Source_Evolution!$O$3:$O$731>0)) | AF3: =SUMPRODUCT((Source_Evolution!$A$3:$A$731=$A3)*(Source_Evolution!$P$3:$P$731>0)) | AG3: =SUMPRODUCT((Source_Evolution!$A$3:$A$731=$A3)*(Source_Evolution!$Q$3:$Q$731>0))
A4: Company 10 | B4: Operations | C4: Netherlands | D4: 2014 | E4: =SUMIFS(Source_Evolution!$E$3:$E$731,Source_Evolution!$A$3:$A$731,$A4) | F4: =SUMIFS(Source_Evolution!$F$3:$F$731,Source_Evolution!$A$3:$A$731,$A4) | G4: =SUMIFS(Source_Evolution!$G$3:$G$731,Source_Evolution!$A$3:$A$731,$A4) | H4: =SUMIFS(Source_Evolution!$H$3:$H$731,Source_Evolution!$A$3:$A$731,$A4) | I4: =SUMIFS(Source_Evolution!$I$3:$I$731,Source_Evolution!$A$3:$A$731,$A4) | J4: =SUMIFS(Source_Evolution!$J$3:$J$731,Source_Evolution!$A$3:$A$731,$A4) | K4: =SUMIFS(Source_Evolution!$K$3:$K$731,Source_Evolution!$A$3:$A$731,$A4) | L4: =SUMIFS(Source_Evolution!$L$3:$L$731,Source_Evolution!$A$3:$A$731,$A4) | M4: =SUMIFS(Source_Evolution!$M$3:$M$731,Source_Evolution!$A$3:$A$731,$A4) | N4: =SUMIFS(Source_Evolution!$N$3:$N$731,Source_Evolution!$A$3:$A$731,$A4) | O4: =SUMIFS(Source_Evolution!$O$3:$O$731,Source_Evolution!$A$3:$A$731,$A4) | P4: =SUMIFS(Source_Evolution!$P$3:$P$731,Source_Evolution!$A$3:$A$731,$A4) | Q4: =SUMIFS(Source_Evolution!$Q$3:$Q$731,Source_Evolution!$A$3:$A$731,$A4) | R4: =SUM(E4:Q4) | S4: =Q4 | T4: =IF(B4="Software",1,0) | U4: =SUMPRODUCT((Source_Evolution!$A$3:$A$731=$A4)*(Source_Evolution!$E$3:$E$731>0)) | V4: =SUMPRODUCT((Source_Evolution!$A$3:$A$731=$A4)*(Source_Evolution!$F$3:$F$731>0)) | W4: =SUMPRODUCT((Source_Evolution!$A$3:$A$731=$A4)*(Source_Evolution!$G$3:$G$731>0)) | X4: =SUMPRODUCT((Source_Evolution!$A$3:$A$731=$A4)*(Source_Evolution!$H$3:$H$731>0)) | Y4: =SUMPRODUCT((Source_Evolution!$A$3:$A$731=$A4)*(Source_Evolution!$I$3:$I$731>0)) | Z4: =SUMPRODUCT((Source_Evolution!$A$3:$A$731=$A4)*(Source_Evolution!$J$3:$J$731>0)) | AA4: =SUMPRODUCT((Source_Evolution!$A$3:$A$731=$A4)*(Source_Evolution!$K$3:$K$731>0)) | AB4: =SUMPRODUCT((Source_Evolution!$A$3:$A$731=$A4)*(Source_Evolution!$L$3:$L$731>0)) | AC4: =SUMPRODUCT((Source_Evolution!$A$3:$A$731=$A4)*(Source_Evolution!$M$3:$M$731>0)) | AD4: =SUMPRODUCT((Source_Evolution!$A$3:$A$731=$A4)*(Source_Evolution!$N$3:$N$731>0)) | AE4: =SUMPRODUCT((Source_Evolution!$A$3:$A$731=$A4)*(Source_Evolution!$O$3:$O$731>0)) | AF4: =SUMPRODUCT((Source_Evolution!$A$3:$A$731=$A4)*(Source_Evolution!$P$3:$P$731>0)) | AG4: =SUMPRODUCT((Source_Evolution!$A$3:$A$731=$A4)*(Source_Evolution!$Q$3:$Q$731>0))
A5: Company 100 | B5: Operations | C5: Belgium | D5: 2018 | E5: =SUMIFS(Source_Evolution!$E$3:$E$731,Source_Evolution!$A$3:$A$731,$A5) | F5: =SUMIFS(Source_Evolution!$F$3:$F$731,Source_Evolution!$A$3:$A$731,$A5) | G5: =SUMIFS(Source_Evolution!$G$3:$G$731,Source_Evolution!$A$3:$A$731,$A5) | H5: =SUMIFS(Source_Evolution!$H$3:$H$731,Source_Evolution!$A$3:$A$731,$A5) | I5: =SUMIFS(Source_Evolution!$I$3:$I$731,Source_Evolution!$A$3:$A$731,$A5) | J5: =SUMIFS(Source_Evolution!$J$3:$J$731,Source_Evolution!$A$3:$A$731,$A5) | K5: =SUMIFS(Source_Evolution!$K$3:$K$731,Source_Evolution!$A$3:$A$731,$A5) | L5: =SUMIFS(Source_Evolution!$L$3:$L$731,Source_Evolution!$A$3:$A$731,$A5) | M5: =SUMIFS(Source_Evolution!$M$3:$M$731,Source_Evolution!$A$3:$A$731,$A5) | N5: =SUMIFS(Source_Evolution!$N$3:$N$731,Source_Evolution!$A$3:$A$731,$A5) | O5: =SUMIFS(Source_Evolution!$O$3:$O$731,Source_Evolution!$A$3:$A$731,$A5) | P5: =SUMIFS(Source_Evolution!$P$3:$P$731,Source_Evolution!$A$3:$A$731,$A5) | Q5: =SUMIFS(Source_Evolution!$Q$3:$Q$731,Source_Evolution!$A$3:$A$731,$A5) | R5: =SUM(E5:Q5) | S5: =Q5 | T5: =IF(B5="Software",1,0) | U5: =SUMPRODUCT((Source_Evolution!$A$3:$A$731=$A5)*(Source_Evolution!$E$3:$E$731>0)) | V5: =SUMPRODUCT((Source_Evolution!$A$3:$A$731=$A5)*(Source_Evolution!$F$3:$F$731>0)) | W5: =SUMPRODUCT((Source_Evolution!$A$3:$A$731=$A5)*(Source_Evolution!$G$3:$G$731>0)) | X5: =SUMPRODUCT((Source_Evolution!$A$3:$A$731=$A5)*(Source_Evolution!$H$3:$H$731>0)) | Y5: =SUMPRODUCT((Source_Evolution!$A$3:$A$731=$A5)*(Source_Evolution!$I$3:$I$731>0)) | Z5: =SUMPRODUCT((Source_Evolution!$A$3:$A$731=$A5)*(Source_Evolution!$J$3:$J$731>0)) | AA5: =SUMPRODUCT((Source_Evolution!$A$3:$A$731=$A5)*(Source_Evolution!$K$3:$K$731>0)) | AB5: =SUMPRODUCT((Source_Evolution!$A$3:$A$731=$A5)*(Source_Evolution!$L$3:$L$731>0)) | AC5: =SUMPRODUCT((Source_Evolution!$A$3:$A$731=$A5)*(Source_Evolution!$M$3:$M$731>0)) | AD5: =SUMPRODUCT((Source_Evolution!$A$3:$A$731=$A5)*(Source_Evolution!$N$3:$N$731>0)) | AE5: =SUMPRODUCT((Source_Evolution!$A$3:$A$731=$A5)*(Source_Evolution!$O$3:$O$731>0)) | AF5: =SUMPRODUCT((Source_Evolution!$A$3:$A$731=$A5)*(Source_Evolution!$P$3:$P$731>0)) | AG5: =SUMPRODUCT((Source_Evolution!$A$3:$A$731=$A5)*(Source_Evolution!$Q$3:$Q$731>0))
A6: Company 101 | B6: Operations | C6: UK | D6: 2019 | E6: =SUMIFS(Source_Evolution!$E$3:$E$731,Source_Evolution!$A$3:$A$731,$A6) | F6: =SUMIFS(Source_Evolution!$F$3:$F$731,Source_Evolution!$A$3:$A$731,$A6) | G6: =SUMIFS(Source_Evolution!$G$3:$G$731,Source_Evolution!$A$3:$A$731,$A6) | H6: =SUMIFS(Source_Evolution!$H$3:$H$731,Source_Evolution!$A$3:$A$731,$A6) | I6: =SUMIFS(Source_Evolution!$I$3:$I$731,Source_Evolution!$A$3:$A$731,$A6) | J6: =SUMIFS(Source_Evolution!$J$3:$J$731,Source_Evolution!$A$3:$A$731,$A6) | K6: =SUMIFS(Source_Evolution!$K$3:$K$731,Source_Evolution!$A$3:$A$731,$A6) | L6: =SUMIFS(Source_Evolution!$L$3:$L$731,Source_Evolution!$A$3:$A$731,$A6) | M6: =SUMIFS(Source_Evolution!$M$3:$M$731,Source_Evolution!$A$3:$A$731,$A6) | N6: =SUMIFS(Source_Evolution!$N$3:$N$731,Source_Evolution!$A$3:$A$731,$A6) | O6: =SUMIFS(Source_Evolution!$O$3:$O$731,Source_Evolution!$A$3:$A$731,$A6) | P6: =SUMIFS(Source_Evolution!$P$3:$P$731,Source_Evolution!$A$3:$A$731,$A6) | Q6: =SUMIFS(Source_Evolution!$Q$3:$Q$731,Source_Evolution!$A$3:$A$731,$A6) | R6: =SUM(E6:Q6) | S6: =Q6 | T6: =IF(B6="Software",1,0) | U6: =SUMPRODUCT((Source_Evolution!$A$3:$A$731=$A6)*(Source_Evolution!$E$3:$E$731>0)) | V6: =SUMPRODUCT((Source_Evolution!$A$3:$A$731=$A6)*(Source_Evolution!$F$3:$F$731>0)) | W6: =SUMPRODUCT((Source_Evolution!$A$3:$A$731=$A6)*(Source_Evolution!$G$3:$G$731>0)) | X6: =SUMPRODUCT((Source_Evolution!$A$3:$A$731=$A6)*(Source_Evolution!$H$3:$H$731>0)) | Y6: =SUMPRODUCT((Source_Evolution!$A$3:$A$731=$A6)*(Source_Evolution!$I$3:$I$731>0)) | Z6: =SUMPRODUCT((Source_Evolution!$A$3:$A$731=$A6)*(Source_Evolution!$J$3:$J$731>0)) | AA6: =SUMPRODUCT((Source_Evolution!$A$3:$A$731=$A6)*(Source_Evolution!$K$3:$K$731>0)) | AB6: =SUMPRODUCT((Source_Evolution!$A$3:$A$731=$A6)*(Source_Evolution!$L$3:$L$731>0)) | AC6: =SUMPRODUCT((Source_Evolution!$A$3:$A$731=$A6)*(Source_Evolution!$M$3:$M$731>0)) | AD6: =SUMPRODUCT((Source_Evolution!$A$3:$A$731=$A6)*(Source_Evolution!$N$3:$N$731>0)) | AE6: =SUMPRODUCT((Source_Evolution!$A$3:$A$731=$A6)*(Source_Evolution!$O$3:$O$731>0)) | AF6: =SUMPRODUCT((Source_Evolution!$A$3:$A$731=$A6)*(Source_Evolution!$P$3:$P$731>0)) | AG6: =SUMPRODUCT((Source_Evolution!$A$3:$A$731=$A6)*(Source_Evolution!$Q$3:$Q$731>0))
A7: Company 102 | B7: Operations | C7: Switzerland | D7: 2019 | E7: =SUMIFS(Source_Evolution!$E$3:$E$731,Source_Evolution!$A$3:$A$731,$A7) | F7: =SUMIFS(Source_Evolution!$F$3:$F$731,Source_Evolution!$A$3:$A$731,$A7) | G7: =SUMIFS(Source_Evolution!$G$3:$G$731,Source_Evolution!$A$3:$A$731,$A7) | H7: =SUMIFS(Source_Evolution!$H$3:$H$731,Source_Evolution!$A$3:$A$731,$A7) | I7: =SUMIFS(Source_Evolution!$I$3:$I$731,Source_Evolution!$A$3:$A$731,$A7) | J7: =SUMIFS(Source_Evolution!$J$3:$J$731,Source_Evolution!$A$3:$A$731,$A7) | K7: =SUMIFS(Source_Evolution!$K$3:$K$731,Source_Evolution!$A$3:$A$731,$A7) | L7: =SUMIFS(Source_Evolution!$L$3:$L$731,Source_Evolution!$A$3:$A$731,$A7) | M7: =SUMIFS(Source_Evolution!$M$3:$M$731,Source_Evolution!$A$3:$A$731,$A7) | N7: =SUMIFS(Source_Evolution!$N$3:$N$731,Source_Evolution!$A$3:$A$731,$A7) | O7: =SUMIFS(Source_Evolution!$O$3:$O$731,Source_Evolution!$A$3:$A$731,$A7) | P7: =SUMIFS(Source_Evolution!$P$3:$P$731,Source_Evolution!$A$3:$A$731,$A7) | Q7: =SUMIFS(Source_Evolution!$Q$3:$Q$731,Source_Evolution!$A$3:$A$731,$A7) | R7: =SUM(E7:Q7) | S7: =Q7 | T7: =IF(B7="Software",1,0) | U7: =SUMPRODUCT((Source_Evolution!$A$3:$A$731=$A7)*(Source_Evolution!$E$3:$E$731>0)) | V7: =SUMPRODUCT((Source_Evolution!$A$3:$A$731=$A7)*(Source_Evolution!$F$3:$F$731>0)) | W7: =SUMPRODUCT((Source_Evolution!$A$3:$A$731=$A7)*(Source_Evolution!$G$3:$G$731>0)) | X7: =SUMPRODUCT((Source_Evolution!$A$3:$A$731=$A7)*(Source_Evolution!$H$3:$H$731>0)) | Y7: =SUMPRODUCT((Source_Evolution!$A$3:$A$731=$A7)*(Source_Evolution!$I$3:$I$731>0)) | Z7: =SUMPRODUCT((Source_Evolution!$A$3:$A$731=$A7)*(Source_Evolution!$J$3:$J$731>0)) | AA7: =SUMPRODUCT((Source_Evolution!$A$3:$A$731=$A7)*(Source_Evolution!$K$3:$K$731>0)) | AB7: =SUMPRODUCT((Source_Evolution!$A$3:$A$731=$A7)*(Source_Evolution!$L$3:$L$731>0)) | AC7: =SUMPRODUCT((Source_Evolution!$A$3:$A$731=$A7)*(Source_Evolution!$M$3:$M$731>0)) | AD7: =SUMPRODUCT((Source_Evolution!$A$3:$A$731=$A7)*(Source_Evolution!$N$3:$N$731>0)) | AE7: =SUMPRODUCT((Source_Evolution!$A$3:$A$731=$A7)*(Source_Evolution!$O$3:$O$731>0)) | AF7: =SUMPRODUCT((Source_Evolution!$A$3:$A$731=$A7)*(Source_Evolution!$P$3:$P$731>0)) | AG7: =SUMPRODUCT((Source_Evolution!$A$3:$A$731=$A7)*(Source_Evolution!$Q$3:$Q$731>0))
A8: Company 103 | B8: Software | C8: UK | D8: 2023 | E8: =SUMIFS(Source_Evolution!$E$3:$E$731,Source_Evolution!$A$3:$A$731,$A8) | F8: =SUMIFS(Source_Evolution!$F$3:$F$731,Source_Evolution!$A$3:$A$731,$A8) | G8: =SUMIFS(Source_Evolution!$G$3:$G$731,Source_Evolution!$A$3:$A$731,$A8) | H8: =SUMIFS(Source_Evolution!$H$3:$H$731,Source_Evolution!$A$3:$A$731,$A8) | I8: =SUMIFS(Source_Evolution!$I$3:$I$731,Source_Evolution!$A$3:$A$731,$A8) | J8: =SUMIFS(Source_Evolution!$J$3:$J$731,Source_Evolution!$A$3:$A$731,$A8) | K8: =SUMIFS(Source_Evolution!$K$3:$K$731,Source_Evolution!$A$3:$A$731,$A8) | L8: =SUMIFS(Source_Evolution!$L$3:$L$731,Source_Evolution!$A$3:$A$731,$A8) | M8: =SUMIFS(Source_Evolution!$M$3:$M$731,Source_Evolution!$A$3:$A$731,$A8) | N8: =SUMIFS(Source_Evolution!$N$3:$N$731,Source_Evolution!$A$3:$A$731,$A8) | O8: =SUMIFS(Source_Evolution!$O$3:$O$731,Source_Evolution!$A$3:$A$731,$A8) | P8: =SUMIFS(Source_Evolution!$P$3:$P$731,Source_Evolution!$A$3:$A$731,$A8) | Q8: =SUMIFS(Source_Evolution!$Q$3:$Q$731,Source_Evolution!$A$3:$A$731,$A8) | R8: =SUM(E8:Q8) | S8: =Q8 | T8: =IF(B8="Software",1,0) | U8: =SUMPRODUCT((Source_Evolution!$A$3:$A$731=$A8)*(Source_Evolution!$E$3:$E$731>0)) | V8: =SUMPRODUCT((Source_Evolution!$A$3:$A$731=$A8)*(Source_Evolution!$F$3:$F$731>0)) | W8: =SUMPRODUCT((Source_Evolution!$A$3:$A$731=$A8)*(Source_Evolution!$G$3:$G$731>0)) | X8: =SUMPRODUCT((Source_Evolution!$A$3:$A$731=$A8)*(Source_Evolution!$H$3:$H$731>0)) | Y8: =SUMPRODUCT((Source_Evolution!$A$3:$A$731=$A8)*(Source_Evolution!$I$3:$I$731>0)) | Z8: =SUMPRODUCT((Source_Evolution!$A$3:$A$731=$A8)*(Source_Evolution!$J$3:$J$731>0)) | AA8: =SUMPRODUCT((Source_Evolution!$A$3:$A$731=$A8)*(Source_Evolution!$K$3:$K$731>0)) | AB8: =SUMPRODUCT((Source_Evolution!$A$3:$A$731=$A8)*(Source_Evolution!$L$3:$L$731>0)) | AC8: =SUMPRODUCT((Source_Evolution!$A$3:$A$731=$A8)*(Source_Evolution!$M$3:$M$731>0)) | AD8: =SUMPRODUCT((Source_Evolution!$A$3:$A$731=$A8)*(Source_Evolution!$N$3:$N$731>0)) | AE8: =SUMPRODUCT((Source_Evolution!$A$3:$A$731=$A8)*(Source_Evolution!$O$3:$O$731>0)) | AF8: =SUMPRODUCT((Source_Evolution!$A$3:$A$731=$A8)*(Source_Evolution!$P$3:$P$731>0)) | AG8: =SUMPRODUCT((Source_Evolution!$A$3:$A$731=$A8)*(Source_Evolution!$Q$3:$Q$731>0))
A9: Company 104 | B9: Software | C9: Switzerland | D9: 2019 | E9: =SUMIFS(Source_Evolution!$E$3:$E$731,Source_Evolution!$A$3:$A$731,$A9) | F9: =SUMIFS(Source_Evolution!$F$3:$F$731,Source_Evolution!$A$3:$A$731,$A9) | G9: =SUMIFS(Source_Evolution!$G$3:$G$731,Source_Evolution!$A$3:$A$731,$A9) | H9: =SUMIFS(Source_Evolution!$H$3:$H$731,Source_Evolution!$A$3:$A$731,$A9) | I9: =SUMIFS(Source_Evolution!$I$3:$I$731,Source_Evolution!$A$3:$A$731,$A9) | J9: =SUMIFS(Source_Evolution!$J$3:$J$731,Source_Evolution!$A$3:$A$731,$A9) | K9: =SUMIFS(Source_Evolution!$K$3:$K$731,Source_Evolution!$A$3:$A$731,$A9) | L9: =SUMIFS(Source_Evolution!$L$3:$L$731,Source_Evolution!$A$3:$A$731,$A9) | M9: =SUMIFS(Source_Evolution!$M$3:$M$731,Source_Evolution!$A$3:$A$731,$A9) | N9: =SUMIFS(Source_Evolution!$N$3:$N$731,Source_Evolution!$A$3:$A$731,$A9) | O9: =SUMIFS(Source_Evolution!$O$3:$O$731,Source_Evolution!$A$3:$A$731,$A9) | P9: =SUMIFS(Source_Evolution!$P$3:$P$731,Source_Evolution!$A$3:$A$731,$A9) | Q9: =SUMIFS(Source_Evolution!$Q$3:$Q$731,Source_Evolution!$A$3:$A$731,$A9) | R9: =SUM(E9:Q9) | S9: =Q9 | T9: =IF(B9="Software",1,0) | U9: =SUMPRODUCT((Source_Evolution!$A$3:$A$731=$A9)*(Source_Evolution!$E$3:$E$731>0)) | V9: =SUMPRODUCT((Source_Evolution!$A$3:$A$731=$A9)*(Source_Evolution!$F$3:$F$731>0)) | W9: =SUMPRODUCT((Source_Evolution!$A$3:$A$731=$A9)*(Source_Evolution!$G$3:$G$731>0)) | X9: =SUMPRODUCT((Source_Evolution!$A$3:$A$731=$A9)*(Source_Evolution!$H$3:$H$731>0)) | Y9: =SUMPRODUCT((Source_Evolution!$A$3:$A$731=$A9)*(Source_Evolution!$I$3:$I$731>0)) | Z9: =SUMPRODUCT((Source_Evolution!$A$3:$A$731=$A9)*(Source_Evolution!$J$3:$J$731>0)) | AA9: =SUMPRODUCT((Source_Evolution!$A$3:$A$731=$A9)*(Source_Evolution!$K$3:$K$731>0)) | AB9: =SUMPRODUCT((Source_Evolution!$A$3:$A$731=$A9)*(Source_Evolution!$L$3:$L$731>0)) | AC9: =SUMPRODUCT((Source_Evolution!$A$3:$A$731=$A9)*(Source_Evolution!$M$3:$M$731>0)) | AD9: =SUMPRODUCT((Source_Evolution!$A$3:$A$731=$A9)*(Source_Evolution!$N$3:$N$731>0)) | AE9: =SUMPRODUCT((Source_Evolution!$A$3:$A$731=$A9)*(Source_Evolution!$O$3:$O$731>0)) | AF9: =SUMPRODUCT((Source_Evolution!$A$3:$A$731=$A9)*(Source_Evolution!$P$3:$P$731>0)) | AG9: =SUMPRODUCT((Source_Evolution!$A$3:$A$731=$A9)*(Source_Evolution!$Q$3:$Q$731>0))
A10: Company 105 | B10: Software | C10: Germany | D10: 2023 | E10: =SUMIFS(Source_Evolution!$E$3:$E$731,Source_Evolution!$A$3:$A$731,$A10) | F10: =SUMIFS(Source_Evolution!$F$3:$F$731,Source_Evolution!$A$3:$A$731,$A10) | G10: =SUMIFS(Source_Evolution!$G$3:$G$731,Source_Evolution!$A$3:$A$731,$A10) | H10: =SUMIFS(Source_Evolution!$H$3:$H$731,Source_Evolution!$A$3:$A$731,$A10) | I10: =SUMIFS(Source_Evolution!$I$3:$I$731,Source_Evolution!$A$3:$A$731,$A10) | J10: =SUMIFS(Source_Evolution!$J$3:$J$731,Source_Evolution!$A$3:$A$731,$A10) | K10: =SUMIFS(Source_Evolution!$K$3:$K$731,Source_Evolution!$A$3:$A$731,$A10) | L10: =SUMIFS(Source_Evolution!$L$3:$L$731,Source_Evolution!$A$3:$A$731,$A10) | M10: =SUMIFS(Source_Evolution!$M$3:$M$731,Source_Evolution!$A$3:$A$731,$A10) | N10: =SUMIFS(Source_Evolution!$N$3:$N$731,Source_Evolution!$A$3:$A$731,$A10) | O10: =SUMIFS(Source_Evolution!$O$3:$O$731,Source_Evolution!$A$3:$A$731,$A10) | P10: =SUMIFS(Source_Evolution!$P$3:$P$731,Source_Evolution!$A$3:$A$731,$A10) | Q10: =SUMIFS(Source_Evolution!$Q$3:$Q$731,Source_Evolution!$A$3:$A$731,$A10) | R10: =SUM(E10:Q10) | S10: =Q10 | T10: =IF(B10="Software",1,0) | U10: =SUMPRODUCT((Source_Evolution!$A$3:$A$731=$A10)*(Source_Evolution!$E$3:$E$731>0)) | V10: =SUMPRODUCT((Source_Evolution!$A$3:$A$731=$A10)*(Source_Evolution!$F$3:$F$731>0)) | W10: =SUMPRODUCT((Source_Evolution!$A$3:$A$731=$A10)*(Source_Evolution!$G$3:$G$731>0)) | X10: =SUMPRODUCT((Source_Evolution!$A$3:$A$731=$A10)*(Source_Evolution!$H$3:$H$731>0)) | Y10: =SUMPRODUCT((Source_Evolution!$A$3:$A$731=$A10)*(Source_Evolution!$I$3:$I$731>0)) | Z10: =SUMPRODUCT((Source_Evolution!$A$3:$A$731=$A10)*(Source_Evolution!$J$3:$J$731>0)) | AA10: =SUMPRODUCT((Source_Evolution!$A$3:$A$731=$A10)*(Source_Evolution!$K$3:$K$731>0)) | AB10: =SUMPRODUCT((Source_Evolution!$A$3:$A$731=$A10)*(Source_Evolution!$L$3:$L$731>0)) | AC10: =SUMPRODUCT((Source_Evolution!$A$3:$A$731=$A10)*(Source_Evolution!$M$3:$M$731>0)) | AD10: =SUMPRODUCT((Source_Evolution!$A$3:$A$731=$A10)*(Source_Evolution!$N$3:$N$731>0)) | AE10: =SUMPRODUCT((Source_Evolution!$A$3:$A$731=$A10)*(Source_Evolution!$O$3:$O$731>0)) | AF10: =SUMPRODUCT((Source_Evolution!$A$3:$A$731=$A10)*(Source_Evolution!$P$3:$P$731>0)) | AG10: =SUMPRODUCT((Source_Evolution!$A$3:$A$731=$A10)*(Source_Evolution!$Q$3:$Q$731>0))
A11: Company 106 | B11: Software | C11: Spain | D11: 2020 | E11: =SUMIFS(Source_Evolution!$E$3:$E$731,Source_Evolution!$A$3:$A$731,$A11) | F11: =SUMIFS(Source_Evolution!$F$3:$F$731,Source_Evolution!$A$3:$A$731,$A11) | G11: =SUMIFS(Source_Evolution!$G$3:$G$731,Source_Evolution!$A$3:$A$731,$A11) | H11: =SUMIFS(Source_Evolution!$H$3:$H$731,Source_Evolution!$A$3:$A$731,$A11) | I11: =SUMIFS(Source_Evolution!$I$3:$I$731,Source_Evolution!$A$3:$A$731,$A11) | J11: =SUMIFS(Source_Evolution!$J$3:$J$731,Source_Evolution!$A$3:$A$731,$A11) | K11: =SUMIFS(Source_Evolution!$K$3:$K$731,Source_Evolution!$A$3:$A$731,$A11) | L11: =SUMIFS(Source_Evolution!$L$3:$L$731,Source_Evolution!$A$3:$A$731,$A11) | M11: =SUMIFS(Source_Evolution!$M$3:$M$731,Source_Evolution!$A$3:$A$731,$A11) | N11: =SUMIFS(Source_Evolution!$N$3:$N$731,Source_Evolution!$A$3:$A$731,$A11) | O11: =SUMIFS(Source_Evolution!$O$3:$O$731,Source_Evolution!$A$3:$A$731,$A11) | P11: =SUMIFS(Source_Evolution!$P$3:$P$731,Source_Evolution!$A$3:$A$731,$A11) | Q11: =SUMIFS(Source_Evolution!$Q$3:$Q$731,Source_Evolution!$A$3:$A$731,$A11) | R11: =SUM(E11:Q11) | S11: =Q11 | T11: =IF(B11="Software",1,0) | U11: =SUMPRODUCT((Source_Evolution!$A$3:$A$731=$A11)*(Source_Evolution!$E$3:$E$731>0)) | V11: =SUMPRODUCT((Source_Evolution!$A$3:$A$731=$A11)*(Source_Evolution!$F$3:$F$731>0)) | W11: =SUMPRODUCT((Source_Evolution!$A$3:$A$731=$A11)*(Source_Evolution!$G$3:$G$731>0)) | X11: =SUMPRODUCT((Source_Evolution!$A$3:$A$731=$A11)*(Source_Evolution!$H$3:$H$731>0)) | Y11: =SUMPRODUCT((Source_Evolution!$A$3:$A$731=$A11)*(Source_Evolution!$I$3:$I$731>0)) | Z11: =SUMPRODUCT((Source_Evolution!$A$3:$A$731=$A11)*(Source_Evolution!$J$3:$J$731>0)) | AA11: =SUMPRODUCT((Source_Evolution!$A$3:$A$731=$A11)*(Source_Evolution!$K$3:$K$731>0)) | AB11: =SUMPRODUCT((Source_Evolution!$A$3:$A$731=$A11)*(Source_Evolution!$L$3:$L$731>0)) | AC11: =SUMPRODUCT((Source_Evolution!$A$3:$A$731=$A11)*(Source_Evolution!$M$3:$M$731>0)) | AD11: =SUMPRODUCT((Source_Evolution!$A$3:$A$731=$A11)*(Source_Evolution!$N$3:$N$731>0)) | AE11: =SUMPRODUCT((Source_Evolution!$A$3:$A$731=$A11)*(Source_Evolution!$O$3:$O$731>0)) | AF11: =SUMPRODUCT((Source_Evolution!$A$3:$A$731=$A11)*(Source_Evolution!$P$3:$P$731>0)) | AG11: =SUMPRODUCT((Source_Evolution!$A$3:$A$731=$A11)*(Source_Evolution!$Q$3:$Q$731>0))
A12: Company 107 | B12: Software | C12: UK | D12: 2020 | E12: =SUMIFS(Source_Evolution!$E$3:$E$731,Source_Evolution!$A$3:$A$731,$A12) | F12: =SUMIFS(Source_Evolution!$F$3:$F$731,Source_Evolution!$A$3:$A$731,$A12) | G12: =SUMIFS(Source_Evolution!$G$3:$G$731,Source_Evolution!$A$3:$A$731,$A12) | H12: =SUMIFS(Source_Evolution!$H$3:$H$731,Source_Evolution!$A$3:$A$731,$A12) | I12: =SUMIFS(Source_Evolution!$I$3:$I$731,Source_Evolution!$A$3:$A$731,$A12) | J12: =SUMIFS(Source_Evolution!$J$3:$J$731,Source_Evolution!$A$3:$A$731,$A12) | K12: =SUMIFS(Source_Evolution!$K$3:$K$731,Source_Evolution!$A$3:$A$731,$A12) | L12: =SUMIFS(Source_Evolution!$L$3:$L$731,Source_Evolution!$A$3:$A$731,$A12) | M12: =SUMIFS(Source_Evolution!$M$3:$M$731,Source_Evolution!$A$3:$A$731,$A12) | N12: =SUMIFS(Source_Evolution!$N$3:$N$731,Source_Evolution!$A$3:$A$731,$A12) | O12: =SUMIFS(Source_Evolution!$O$3:$O$731,Source_Evolution!$A$3:$A$731,$A12) | P12: =SUMIFS(Source_Evolution!$P$3:$P$731,Source_Evolution!$A$3:$A$731,$A12) | Q12: =SUMIFS(Source_Evolution!$Q$3:$Q$731,Source_Evolution!$A$3:$A$731,$A12) | R12: =SUM(E12:Q12) | S12: =Q12 | T12: =IF(B12="Software",1,0) | U12: =SUMPRODUCT((Source_Evolution!$A$3:$A$731=$A12)*(Source_Evolution!$E$3:$E$731>0)) | V12: =SUMPRODUCT((Source_Evolution!$A$3:$A$731=$A12)*(Source_Evolution!$F$3:$F$731>0)) | W12: =SUMPRODUCT((Source_Evolution!$A$3:$A$731=$A12)*(Source_Evolution!$G$3:$G$731>0)) | X12: =SUMPRODUCT((Source_Evolution!$A$3:$A$731=$A12)*(Source_Evolution!$H$3:$H$731>0)) | Y12: =SUMPRODUCT((Source_Evolution!$A$3:$A$731=$A12)*(Source_Evolution!$I$3:$I$731>0)) | Z12: =SUMPRODUCT((Source_Evolution!$A$3:$A$731=$A12)*(Source_Evolution!$J$3:$J$731>0)) | AA12: =SUMPRODUCT((Source_Evolution!$A$3:$A$731=$A12)*(Source_Evolution!$K$3:$K$731>0)) | AB12: =SUMPRODUCT((Source_Evolution!$A$3:$A$731=$A12)*(Source_Evolution!$L$3:$L$731>0)) | AC12: =SUMPRODUCT((Source_Evolution!$A$3:$A$731=$A12)*(Source_Evolution!$M$3:$M$731>0)) | AD12: =SUMPRODUCT((Source_Evolution!$A$3:$A$731=$A12)*(Source_Evolution!$N$3:$N$731>0)) | AE12: =SUMPRODUCT((Source_Evolution!$A$3:$A$731=$A12)*(Source_Evolution!$O$3:$O$731>0)) | AF12: =SUMPRODUCT((Source_Evolution!$A$3:$A$731=$A12)*(Source_Evolution!$P$3:$P$731>0)) | AG12: =SUMPRODUCT((Source_Evolution!$A$3:$A$731=$A12)*(Source_Evolution!$Q$3:$Q$731>0))
A13: Company 108 | B13: Operations | C13: Hungary | D13: 2020 | E13: =SUMIFS(Source_Evolution!$E$3:$E$731,Source_Evolution!$A$3:$A$731,$A13) | F13: =SUMIFS(Source_Evolution!$F$3:$F$731,Source_Evolution!$A$3:$A$731,$A13) | G13: =SUMIFS(Source_Evolution!$G$3:$G$731,Source_Evolution!$A$3:$A$731,$A13) | H13: =SUMIFS(Source_Evolution!$H$3:$H$731,Source_Evolution!$A$3:$A$731,$A13) | I13: =SUMIFS(Source_Evolution!$I$3:$I$731,Source_Evolution!$A$3:$A$731,$A13) | J13: =SUMIFS(Source_Evolution!$J$3:$J$731,Source_Evolution!$A$3:$A$731,$A13) | K13: =SUMIFS(Source_Evolution!$K$3:$K$731,Source_Evolution!$A$3:$A$731,$A13) | L13: =SUMIFS(Source_Evolution!$L$3:$L$731,Source_Evolution!$A$3:$A$731,$A13) | M13: =SUMIFS(Source_Evolution!$M$3:$M$731,Source_Evolution!$A$3:$A$731,$A13) | N13: =SUMIFS(Source_Evolution!$N$3:$N$731,Source_Evolution!$A$3:$A$731,$A13) | O13: =SUMIFS(Source_Evolution!$O$3:$O$731,Source_Evolution!$A$3:$A$731,$A13) | P13: =SUMIFS(Source_Evolution!$P$3:$P$731,Source_Evolution!$A$3:$A$731,$A13) | Q13: =SUMIFS(Source_Evolution!$Q$3:$Q$731,Source_Evolution!$A$3:$A$731,$A13) | R13: =SUM(E13:Q13) | S13: =Q13 | T13: =IF(B13="Software",1,0) | U13: =SUMPRODUCT((Source_Evolution!$A$3:$A$731=$A13)*(Source_Evolution!$E$3:$E$731>0)) | V13: =SUMPRODUCT((Source_Evolution!$A$3:$A$731=$A13)*(Source_Evolution!$F$3:$F$731>0)) | W13: =SUMPRODUCT((Source_Evolution!$A$3:$A$731=$A13)*(Source_Evolution!$G$3:$G$731>0)) | X13: =SUMPRODUCT((Source_Evolution!$A$3:$A$731=$A13)*(Source_Evolution!$H$3:$H$731>0)) | Y13: =SUMPRODUCT((Source_Evolution!$A$3:$A$731=$A13)*(Source_Evolution!$I$3:$I$731>0)) | Z13: =SUMPRODUCT((Source_Evolution!$A$3:$A$731=$A13)*(Source_Evolution!$J$3:$J$731>0)) | AA13: =SUMPRODUCT((Source_Evolution!$A$3:$A$731=$A13)*(Source_Evolution!$K$3:$K$731>0)) | AB13: =SUMPRODUCT((Source_Evolution!$A$3:$A$731=$A13)*(Source_Evolution!$L$3:$L$731>0)) | AC13: =SUMPRODUCT((Source_Evolution!$A$3:$A$731=$A13)*(Source_Evolution!$M$3:$M$731>0)) | AD13: =SUMPRODUCT((Source_Evolution!$A$3:$A$731=$A13)*(Source_Evolution!$N$3:$N$731>0)) | AE13: =SUMPRODUCT((Source_Evolution!$A$3:$A$731=$A13)*(Source_Evolution!$O$3:$O$731>0)) | AF13: =SUMPRODUCT((Source_Evolution!$A$3:$A$731=$A13)*(Source_Evolution!$P$3:$P$731>0)) | AG13: =SUMPRODUCT((Source_Evolution!$A$3:$A$731=$A13)*(Source_Evolution!$Q$3:$Q$731>0))
A14: Company 109 | B14: Power | C14: UK | D14: 2021 | E14: =SUMIFS(Source_Evolution!$E$3:$E$731,Source_Evolution!$A$3:$A$731,$A14) | F14: =SUMIFS(Source_Evolution!$F$3:$F$731,Source_Evolution!$A$3:$A$731,$A14) | G14: =SUMIFS(Source_Evolution!$G$3:$G$731,Source_Evolution!$A$3:$A$731,$A14) | H14: =SUMIFS(Source_Evolution!$H$3:$H$731,Source_Evolution!$A$3:$A$731,$A14) | I14: =SUMIFS(Source_Evolution!$I$3:$I$731,Source_Evolution!$A$3:$A$731,$A14) | J14: =SUMIFS(Source_Evolution!$J$3:$J$731,Source_Evolution!$A$3:$A$731,$A14) | K14: =SUMIFS(Source_Evolution!$K$3:$K$731,Source_Evolution!$A$3:$A$731,$A14) | L14: =SUMIFS(Source_Evolution!$L$3:$L$731,Source_Evolution!$A$3:$A$731,$A14) | M14: =SUMIFS(Source_Evolution!$M$3:$M$731,Source_Evolution!$A$3:$A$731,$A14) | N14: =SUMIFS(Source_Evolution!$N$3:$N$731,Source_Evolution!$A$3:$A$731,$A14) | O14: =SUMIFS(Source_Evolution!$O$3:$O$731,Source_Evolution!$A$3:$A$731,$A14) | P14: =SUMIFS(Source_Evolution!$P$3:$P$731,Source_Evolution!$A$3:$A$731,$A14) | Q14: =SUMIFS(Source_Evolution!$Q$3:$Q$731,Source_Evolution!$A$3:$A$731,$A14) | R14: =SUM(E14:Q14) | S14: =Q14 | T14: =IF(B14="Software",1,0) | U14: =SUMPRODUCT((Source_Evolution!$A$3:$A$731=$A14)*(Source_Evolution!$E$3:$E$731>0)) | V14: =SUMPRODUCT((Source_Evolution!$A$3:$A$731=$A14)*(Source_Evolution!$F$3:$F$731>0)) | W14: =SUMPRODUCT((Source_Evolution!$A$3:$A$731=$A14)*(Source_Evolution!$G$3:$G$731>0)) | X14: =SUMPRODUCT((Source_Evolution!$A$3:$A$731=$A14)*(Source_Evolution!$H$3:$H$731>0)) | Y14: =SUMPRODUCT((Source_Evolution!$A$3:$A$731=$A14)*(Source_Evolution!$I$3:$I$731>0)) | Z14: =SUMPRODUCT((Source_Evolution!$A$3:$A$731=$A14)*(Source_Evolution!$J$3:$J$731>0)) | AA14: =SUMPRODUCT((Source_Evolution!$A$3:$A$731=$A14)*(Source_Evolution!$K$3:$K$731>0)) | AB14: =SUMPRODUCT((Source_Evolution!$A$3:$A$731=$A14)*(Source_Evolution!$L$3:$L$731>0)) | AC14: =SUMPRODUCT((Source_Evolution!$A$3:$A$731=$A14)*(Source_Evolution!$M$3:$M$731>0)) | AD14: =SUMPRODUCT((Source_Evolution!$A$3:$A$731=$A14)*(Source_Evolution!$N$3:$N$731>0)) | AE14: =SUMPRODUCT((Source_Evolution!$A$3:$A$731=$A14)*(Source_Evolution!$O$3:$O$731>0)) | AF14: =SUMPRODUCT((Source_Evolution!$A$3:$A$731=$A14)*(Source_Evolution!$P$3:$P$731>0)) | AG14: =SUMPRODUCT((Source_Evolution!$A$3:$A$731=$A14)*(Source_Evolution!$Q$3:$Q$731>0))
... A374: Company 99 | B374: Software | C374: France | D374: 2022 | E374: =SUMIFS(Source_Evolution!$E$3:$E$731,Source_Evolution!$A$3:$A$731,$A374) | F374: =SUMIFS(Source_Evolution!$F$3:$F$731,Source_Evolution!$A$3:$A$731,$A374) | G374: =SUMIFS(Source_Evolution!$G$3:$G$731,Source_Evolution!$A$3:$A$731,$A374) | H374: =SUMIFS(Source_Evolution!$H$3:$H$731,Source_Evolution!$A$3:$A$731,$A374) | I374: =SUMIFS(Source_Evolution!$I$3:$I$731,Source_Evolution!$A$3:$A$731,$A374) | J374: =SUMIFS(Source_Evolution!$J$3:$J$731,Source_Evolution!$A$3:$A$731,$A374) | K374: =SUMIFS(Source_Evolution!$K$3:$K$731,Source_Evolution!$A$3:$A$731,$A374) | L374: =SUMIFS(Source_Evolution!$L$3:$L$731,Source_Evolution!$A$3:$A$731,$A374) | M374: =SUMIFS(Source_Evolution!$M$3:$M$731,Source_Evolution!$A$3:$A$731,$A374) | N374: =SUMIFS(Source_Evolution!$N$3:$N$731,Source_Evolution!$A$3:$A$731,$A374) | O374: =SUMIFS(Source_Evolution!$O$3:$O$731,Source_Evolution!$A$3:$A$731,$A374) | P374: =SUMIFS(Source_Evolution!$P$3:$P$731,Source_Evolution!$A$3:$A$731,$A374) | Q374: =SUMIFS(Source_Evolution!$Q$3:$Q$731,Source_Evolution!$A$3:$A$731,$A374) | R374: =SUM(E374:Q374) | S374: =Q374 | T374: =IF(B374="Software",1,0) | U374: =SUMPRODUCT((Source_Evolution!$A$3:$A$731=$A374)*(Source_Evolution!$E$3:$E$731>0)) | V374: =SUMPRODUCT((Source_Evolution!$A$3:$A$731=$A374)*(Source_Evolution!$F$3:$F$731>0)) | W374: =SUMPRODUCT((Source_Evolution!$A$3:$A$731=$A374)*(Source_Evolution!$G$3:$G$731>0)) | X374: =SUMPRODUCT((Source_Evolution!$A$3:$A$731=$A374)*(Source_Evolution!$H$3:$H$731>0)) | Y374: =SUMPRODUCT((Source_Evolution!$A$3:$A$731=$A374)*(Source_Evolution!$I$3:$I$731>0)) | Z374: =SUMPRODUCT((Source_Evolution!$A$3:$A$731=$A374)*(Source_Evolution!$J$3:$J$731>0)) | AA374: =SUMPRODUCT((Source_Evolution!$A$3:$A$731=$A374)*(Source_Evolution!$K$3:$K$731>0)) | AB374: =SUMPRODUCT((Source_Evolution!$A$3:$A$731=$A374)*(Source_Evolution!$L$3:$L$731>0)) | AC374: =SUMPRODUCT((Source_Evolution!$A$3:$A$731=$A374)*(Source_Evolution!$M$3:$M$731>0)) | AD374: =SUMPRODUCT((Source_Evolution!$A$3:$A$731=$A374)*(Source_Evolution!$N$3:$N$731>0)) | AE374: =SUMPRODUCT((Source_Evolution!$A$3:$A$731=$A374)*(Source_Evolution!$O$3:$O$731>0)) | AF374: =SUMPRODUCT((Source_Evolution!$A$3:$A$731=$A374)*(Source_Evolution!$P$3:$P$731>0)) | AG374: =SUMPRODUCT((Source_Evolution!$A$3:$A$731=$A374)*(Source_Evolution!$Q$3:$Q$731>0))

Sheet Source_Evolution
A1: Source: GMSL_Revenue_Lines_Clip.xlsx — tab 'Evolution' — 729 revenue lines, 372 clients, GBP, provided 5 Apr 2026
A2: Client | B2: Dept | C2: Product | D2: Country | E2: FY2014A | F2: FY2015A | G2: FY2016A | H2: FY2017A | I2: FY2018A | J2: FY2019A | K2: FY2020A | L2: FY2021A | M2: FY2022A | N2: FY2023A | O2: FY2024A | P2: FY2025A | Q2: FY2026A
A3: Company 1 | B3: Software | C3: CodeRunner | D3: UK | E3: 15000 | F3: 15000 | G3: 15000 | H3: 15000 | I3: 15000 | J3: 22692.5 | K3: 15000 | L3: 15000 | M3: 15000 | N3: 1250 | O3: 1250 | P3: 15000 | Q3: 15150
A4: Company 2 | B4: Software | C4: ENOM+ | D4: Switzerland | E4: 17641.12 | F4: 15939.91 | G4: 16029.51 | H4: 18152.05 | I4: 18643.24 | J4: 18745.32 | K4: 18864.36 | L4: 18864.36 | M4: 18892.53 | N4: 19214.88 | O4: 19772.756 | P4: 20356.48 | Q4: 20261.973
A5: Company 2 | B5: Software | C5: Hosting | D5: Switzerland | E5: 0 | F5: 0 | G5: 0 | H5: 0 | I5: 0 | J5: 11228.75 | K5: 17645.1 | L5: 20315.49 | M5: 21738.2 | N5: 23657.06 | O5: 25411.354 | P5: 26750.01 | Q5: 28443.205
A6: Company 2 | B6: Software | C6: Routing | D6: Switzerland | E6: 0 | F6: 0 | G6: 0 | H6: 0 | I6: 0 | J6: 336.88 | K6: 1830.93 | L6: 4147.62 | M6: 6216.54 | N6: 8856.55 | O6: 12272.673 | P6: 15415.6 | Q6: 16090.776
A7: Company 3 | B7: Software | C7: CodeRunner | D7: Ireland | E7: 15000 | F7: 15000 | G7: 15000 | H7: 15000 | I7: 15000 | J7: 15000 | K7: 15000 | L7: 15000 | M7: 15000 | N7: 15000 | O7: 15428.49 | P7: 15867.71 | Q7: 16533.608
A8: Company 4 | B8: Operations | C8: Shipper Gas | D8: UK | E8: 23580 | F8: 23880 | G8: 23880 | H8: 23880 | I8: 23880 | J8: 23880 | K8: 23880 | L8: 23140 | M8: 15000 | N8: 15050 | O8: 15635 | P8: 16020 | Q8: 16393.8
A9: Company 5 | B9: Software | C9: ENOM | D9: UK | E9: 0 | F9: 0 | G9: 0 | H9: 0 | I9: 0 | J9: 750 | K9: 9000 | L9: 9000 | M9: 9075 | N9: 9900 | O9: 9750 | P9: 10525.65 | Q9: 0
A10: Company 5 | B10: Software | C10: Routing | D10: UK | E10: 0 | F10: 0 | G10: 0 | H10: 0 | I10: 0 | J10: 150 | K10: 1800 | L10: 1800 | M10: 1815 | N10: 1980 | O10: 1950 | P10: 2437.27 | Q10: 0
A11: Company 6 | B11: Operations | C11: Demand Text | D11: UK | E11: 6024 | F11: 9538.36 | G11: 8032.32 | H11: 10045.2 | I11: 11888.24 | J11: 10046.4 | K11: 9544.08 | L11: 8103.84 | M11: 11418 | N11: 12802 | O11: 14560 | P11: 13740 | Q11: 15120
A12: Company 6 | B12: Operations | C12: Shipper Gas | D12: UK | E12: 158517.49 | F12: 164391 | G12: 155734.1 | H12: 182109 | I12: 201719.95 | J12: 222337.07 | K12: 179694.44 | L12: 159947.59 | M12: 169331 | N12: 170001 | O12: 188566 | P12: 213809.22 | Q12: 209582.28
A13: Company 6 | B13: Software | C13: ENOM+ | D13: UK | E13: 17500 | F13: 17500 | G13: 18520.8 | H13: 19250 | I13: 19250 | J13: 19250 | K13: 19250 | L13: 19250 | M13: 30372.95 | N13: 21175 | O13: 21237.88 | P13: 8760.86 | Q13: 0
A14: Company 6 | B14: Software | C14: Routing | D14: UK | E14: 1187.5 | F14: 1500 | G14: 1937.5 | H14: 3062.5 | I14: 3437.5 | J14: 5937.5 | K14: 7500 | L14: 7937.5 | M14: 7812.5 | N14: 7500 | O14: 9721.48 | P14: 13449.92 | Q14: 14754.9
... A731: Company 379 | B731: Software | C731: Routing | D731: UK | E731: 0 | F731: 7505 | G731: 5529.98 | H731: 2699.14 | I731: 0 | J731: 0 | K731: 0 | L731: 0 | M731: 0 | N731: 0 | O731: 0 | P731: 0 | Q731: 0

Sheet Source_Info
A1: Source: GMSL_Revenue_Lines_Clip.xlsx — tab 'Info' — provided 5 Apr 2026
A3: PROJECT DARWIN
A4: This workbook contains commercially sensitive information which is Strictly Confidential and only to be used for the purposes of Project Darwin
A5: Source data date: 5 April 2026
